id,payment_ref,payment_date,amount,currency,expected_currency,from_account_id,from_counterparty_id,from_counterparty_type,to_fund_id,to_account_id,payment_purpose,funding_source,matching_capital_call_id,matching_allocated_amount,status,anomaly_metadata
pay_0001,TX-438141,2026-06-25,2081655,USD,USD,bac_0037,per_0037,PERSON,fnd_0008,,Distribution,OWN_FUNDS,cca_0042,2087650,SETTLED,
pay_0002,TX-938984,2026-04-11,10958141,USD,USD,bac_0148,cmp_0028,COMPANY,fnd_0007,,Distribution,OWN_FUNDS,cca_0040,11076790,SETTLED,
pay_0003,TX-258568,2026-07-04,173548,USD,USD,bac_0146,cmp_0026,COMPANY,fnd_0005,,Subsequent subscription,OWN_FUNDS,cca_0027,165659,SETTLED,
pay_0004,TX-416550,2026-04-29,276208,USD,USD,bac_0070,per_0070,PERSON,fnd_0008,,Capital call funding,OWN_FUNDS,cca_0044,284915,SETTLED,
pay_0005,TX-169693,2026-07-09,11691029,USD,USD,bac_0047,per_0047,PERSON,fnd_0007,,Distribution,OWN_FUNDS,cca_0036,11518465,SETTLED,
pay_0006,TX-572474,2026-07-26,30787644,USD,USD,bac_0174,cmp_0054,COMPANY,fnd_0006,,Capital call funding,OWN_FUNDS,cca_0032,31892841,SETTLED,
pay_0007,TX-218698,2026-06-22,987781,USD,USD,bac_0083,per_0083,PERSON,fnd_0006,,Capital call funding,OWN_FUNDS,cca_0035,947053,SETTLED,
pay_0008,TX-348285,2026-06-03,5963188,USD,USD,bac_0120,per_0120,PERSON,fnd_0008,,Capital call funding,OWN_FUNDS,cca_0043,5844642,SETTLED,
pay_0009,TX-437942,2026-07-06,25599127,USD,USD,bac_0022,per_0022,PERSON,fnd_0006,,Subsequent subscription,OWN_FUNDS,cca_0035,25034763,SETTLED,
pay_0010,TX-737609,2026-05-31,1222462,USD,USD,bac_0113,per_0113,PERSON,fnd_0008,,Capital call funding,OWN_FUNDS,cca_0044,1224003,SETTLED,"{""class"": ""SANCTIONED_PAYER"", ""detail"": ""payer resembles sanctions entry""}"
pay_0011,TX-507968,2026-06-20,4372807,USD,USD,bac_0004,per_0004,PERSON,fnd_0007,,Subsequent subscription,OWN_FUNDS,cca_0039,4446834,SETTLED,
pay_0012,TX-928837,2026-06-30,4523581,USD,USD,bac_0015,per_0015,PERSON,fnd_0006,,Subsequent subscription,OWN_FUNDS,cca_0034,4665154,SETTLED,
pay_0013,TX-383233,2026-07-14,9173517,AED,USD,bac_0149,cmp_0029,COMPANY,fnd_0005,,Capital call funding,OWN_FUNDS,cca_0029,9194463,SETTLED,"{""class"": ""UNEXPECTED_CURRENCY"", ""detail"": ""AED received, USD expected""}"
pay_0014,TX-228465,2026-07-28,78792,USD,USD,bac_0133,cmp_0013,COMPANY,fnd_0007,,Subsequent subscription,THIRD_PARTY,cca_0037,82011,SETTLED,
pay_0015,TX-766662,2026-04-24,482554,USD,USD,bac_0023,per_0023,PERSON,fnd_0007,,Capital call funding,OWN_FUNDS,cca_0037,495794,SETTLED,
pay_0016,TX-525998,2026-07-12,25535034,USD,USD,bac_0127,cmp_0007,COMPANY,fnd_0008,,Capital call funding,OWN_FUNDS,cca_0043,26026653,SETTLED,
pay_0017,TX-236138,2026-07-30,84425,USD,USD,bac_0172,cmp_0052,COMPANY,fnd_0007,,Distribution,OWN_FUNDS,cca_0037,82011,SETTLED,
pay_0018,TX-849737,2026-04-10,135546,USD,USD,bac_0141,cmp_0021,COMPANY,fnd_0007,,Capital call funding,OWN_FUNDS,cca_0038,140181,SETTLED,
pay_0019,TX-645759,2026-06-04,372494,USD,USD,bac_0024,per_0024,PERSON,fnd_0006,,Capital call funding,OWN_FUNDS,cca_0033,378754,SETTLED,
pay_0020,TX-781736,2026-04-23,12548144,EUR,USD,bac_0155,per_0042,PERSON,fnd_0007,,Capital call funding,THIRD_PARTY,cca_0039,13108681,SETTLED,"{""class"": ""THIRD_PARTY"", ""detail"": ""payer differs from LP legal entity""}"
pay_0021,TX-418007,2026-05-13,3292122,USD,USD,bac_0031,per_0031,PERSON,fnd_0007,,Capital call funding,OWN_FUNDS,cca_0041,3321117,SETTLED,
pay_0022,TX-750511,2026-05-19,1003316,USD,USD,bac_0174,cmp_0054,COMPANY,fnd_0008,,Capital call funding,THIRD_PARTY,cca_0042,1000923,SETTLED,
pay_0023,TX-945922,2026-07-26,10073223,USD,USD,bac_0128,cmp_0008,COMPANY,fnd_0006,,Capital call funding,OWN_FUNDS,cca_0035,10119058,SETTLED,
pay_0024,TX-938198,2026-07-31,4583443,USD,USD,bac_0176,cmp_0056,COMPANY,fnd_0006,,Capital call funding,OWN_FUNDS,cca_0034,4665154,SETTLED,
pay_0025,TX-334313,2026-04-19,7827598,USD,USD,bac_0072,per_0072,PERSON,fnd_0005,,Subsequent subscription,OWN_FUNDS,cca_0030,7962042,SETTLED,
pay_0026,TX-712775,2026-04-29,17599573,USD,USD,bac_0137,cmp_0017,COMPANY,fnd_0007,,Subsequent subscription,THIRD_PARTY,cca_0041,17591117,SETTLED,
pay_0027,TX-930108,2026-07-05,487973,USD,USD,bac_0008,per_0008,PERSON,fnd_0006,,Subsequent subscription,OWN_FUNDS,cca_0034,467312,SETTLED,
pay_0028,TX-529144,2026-05-02,4585567,USD,USD,bac_0105,per_0105,PERSON,fnd_0007,,Subsequent subscription,OWN_FUNDS,cca_0039,4446834,SETTLED,
pay_0029,TX-704844,2026-05-07,21773891,USD,USD,bac_0085,per_0085,PERSON,fnd_0006,,Capital call funding,OWN_FUNDS,cca_0032,22206997,SETTLED,
pay_0030,TX-417191,2026-05-02,2616912,USD,USD,bac_0097,per_0097,PERSON,fnd_0006,,Capital call funding,UNKNOWN,cca_0032,2668942,SETTLED,
pay_0031,TX-830225,2026-06-23,113879,USD,USD,bac_0010,per_0010,PERSON,fnd_0008,,Capital call funding,OWN_FUNDS,cca_0044,109475,SETTLED,
pay_0032,TX-828199,2026-05-15,2212463,USD,USD,bac_0073,per_0073,PERSON,fnd_0006,,Subsequent subscription,OWN_FUNDS,cca_0032,2197058,SETTLED,
pay_0033,TX-508656,2026-06-14,3594806,USD,USD,bac_0122,cmp_0002,COMPANY,fnd_0007,,Capital call funding,OWN_FUNDS,cca_0036,3466492,SETTLED,
pay_0034,TX-881835,2026-07-01,17696423,USD,USD,bac_0140,cmp_0020,COMPANY,fnd_0007,,Distribution,OWN_FUNDS,cca_0041,17591117,SETTLED,
pay_0035,TX-352405,2026-05-25,1041689,USD,USD,bac_0179,cmp_0059,COMPANY,fnd_0006,,Capital call funding,OWN_FUNDS,cca_0035,1084137,SETTLED,
pay_0036,TX-279559,2026-07-19,8706369,USD,USD,bac_0041,per_0041,PERSON,fnd_0008,,Subsequent subscription,THIRD_PARTY,cca_0043,8456935,SETTLED,
pay_0037,TX-879124,2026-05-09,461005,USD,USD,bac_0049,per_0049,PERSON,fnd_0007,,Capital call funding,OWN_FUNDS,cca_0039,453697,SETTLED,
pay_0038,TX-830742,2026-07-26,25378192,USD,USD,bac_0082,per_0082,PERSON,fnd_0008,,Capital call funding,OWN_FUNDS,cca_0043,26026653,SETTLED,
pay_0039,TX-235918,2026-05-20,11184902,EUR,USD,bac_0006,per_0071,PERSON,fnd_0007,,Capital call funding,OWN_FUNDS,cca_0038,11276490,SETTLED,"{""class"": ""THIRD_PARTY"", ""detail"": ""payer differs from LP legal entity""}"
pay_0040,TX-352779,2026-04-25,12162291,USD,USD,bac_0058,per_0058,PERSON,fnd_0007,,Capital call funding,THIRD_PARTY,cca_0036,11833830,SETTLED,
pay_0041,TX-750366,2026-07-30,936660,USD,USD,bac_0097,per_0097,PERSON,fnd_0006,,Capital call funding,OWN_FUNDS,cca_0035,947053,SETTLED,
pay_0042,TX-142276,2026-05-23,2662547,USD,USD,bac_0131,cmp_0011,COMPANY,fnd_0006,,Subsequent subscription,OWN_FUNDS,cca_0032,2668942,SETTLED,
pay_0043,TX-295431,2026-08-03,68507,USD,USD,bac_0158,cmp_0038,COMPANY,fnd_0005,,Distribution,UNKNOWN,cca_0029,70070,SETTLED,
pay_0044,TX-300612,2026-06-19,26193755,USD,USD,bac_0020,per_0020,PERSON,fnd_0007,,Distribution,OWN_FUNDS,cca_0040,26841266,SETTLED,
pay_0045,TX-576489,2026-07-11,928590,USD,USD,bac_0096,per_0096,PERSON,fnd_0006,,Capital call funding,OWN_FUNDS,cca_0034,580369,SETTLED,"{""class"": ""OVERPAYMENT"", ""detail"": ""amount exceeds allocated amount""}"
pay_0046,TX-543377,2026-07-26,12613948,USD,USD,bac_0006,per_0006,PERSON,fnd_0007,,Subsequent subscription,OWN_FUNDS,cca_0039,13108681,SETTLED,
pay_0047,TX-573264,2026-05-08,615647,USD,USD,bac_0101,per_0101,PERSON,fnd_0006,,Capital call funding,OWN_FUNDS,cca_0034,587044,SETTLED,
pay_0048,TX-354474,2026-04-23,35105715,USD,USD,bac_0170,cmp_0050,COMPANY,fnd_0005,,Subsequent subscription,THIRD_PARTY,cca_0030,33464834,SETTLED,
pay_0049,TX-517316,2026-06-11,1928045,USD,USD,bac_0020,per_0020,PERSON,fnd_0005,,Capital call funding,OWN_FUNDS,cca_0027,2013117,SETTLED,
pay_0050,TX-536950,2026-07-14,5629693,SGD,USD,bac_0131,UNKNOWN,UNKNOWN,fnd_0008,,Capital call funding,OWN_FUNDS,cca_0043,5844642,SETTLED,"{""class"": ""UNKNOWN_SOURCE"", ""detail"": ""no matching counterparty""}"
pay_0051,TX-274709,2026-08-07,3582089,USD,USD,bac_0099,per_0099,PERSON,fnd_0007,,Capital call funding,OWN_FUNDS,cca_0036,3466492,SETTLED,
pay_0052,TX-415899,2026-07-01,609655,USD,USD,bac_0088,per_0088,PERSON,fnd_0007,,Capital call funding,OWN_FUNDS,cca_0039,618818,SETTLED,
pay_0053,TX-334934,2026-06-16,9205764,USD,USD,bac_0086,per_0086,PERSON,fnd_0007,,Capital call funding,OWN_FUNDS,cca_0040,9048953,SETTLED,
pay_0054,TX-540950,2026-08-01,137858,USD,USD,bac_0056,per_0056,PERSON,fnd_0007,,Distribution,OWN_FUNDS,cca_0038,140181,SETTLED,
pay_0055,TX-386013,2026-06-29,4883185,USD,USD,bac_0123,cmp_0003,COMPANY,fnd_0006,,Capital call funding,OWN_FUNDS,cca_0034,4665154,SETTLED,
pay_0056,TX-575089,2026-06-17,255769,USD,USD,bac_0070,per_0070,PERSON,fnd_0007,,Capital call funding,OWN_FUNDS,cca_0036,265171,SETTLED,
pay_0057,TX-375779,2026-05-04,213806,USD,USD,bac_0051,per_0051,PERSON,fnd_0008,,Subsequent subscription,THIRD_PARTY,cca_0044,133629,SETTLED,"{""class"": ""OVERPAYMENT"", ""detail"": ""amount exceeds allocated amount""}"
pay_0058,TX-769377,2026-05-19,153753,USD,USD,bac_0143,cmp_0023,COMPANY,fnd_0006,,Capital call funding,OWN_FUNDS,cca_0035,148932,SETTLED,
pay_0059,TX-194622,2026-06-09,67074,USD,USD,bac_0139,cmp_0019,COMPANY,fnd_0005,,Distribution,OWN_FUNDS,cca_0029,70070,SETTLED,
pay_0060,TX-945458,2026-05-21,23750616,USD,USD,bac_0068,per_0068,PERSON,fnd_0006,,Distribution,OWN_FUNDS,cca_0031,23039556,SETTLED,
pay_0061,TX-170711,2026-05-06,307368,USD,USD,bac_0084,per_0084,PERSON,fnd_0008,,Subsequent subscription,OWN_FUNDS,cca_0043,296873,SETTLED,
pay_0062,TX-899759,2026-07-28,13865093,USD,USD,bac_0127,cmp_0007,COMPANY,fnd_0007,,Capital call funding,OWN_FUNDS,cca_0036,14158574,SETTLED,
pay_0063,TX-434625,2026-04-09,8727115,USD,USD,bac_0080,per_0080,PERSON,fnd_0005,,Subsequent subscription,OWN_FUNDS,cca_0028,8522222,SETTLED,
pay_0064,TX-898875,2026-05-10,27903189,USD,USD,bac_0136,per_0089,PERSON,fnd_0007,,Subsequent subscription,OWN_FUNDS,cca_0040,26841266,SETTLED,"{""class"": ""THIRD_PARTY"", ""detail"": ""payer differs from LP legal entity""}"
pay_0065,TX-215613,2026-05-08,6630607,USD,USD,bac_0082,per_0082,PERSON,fnd_0008,,Distribution,OWN_FUNDS,cca_0044,6493069,SETTLED,
pay_0066,TX-620779,2026-04-16,16292388,USD,USD,bac_0130,cmp_0010,COMPANY,fnd_0005,,Distribution,OWN_FUNDS,cca_0029,17116407,SETTLED,
pay_0067,TX-571386,2026-07-31,656504,USD,USD,bac_0125,cmp_0005,COMPANY,fnd_0006,,Subsequent subscription,OWN_FUNDS,cca_0033,410315,SETTLED,"{""class"": ""OVERPAYMENT"", ""detail"": ""amount exceeds allocated amount""}"
pay_0068,TX-167237,2026-08-05,444461,USD,USD,bac_0111,per_0006,PERSON,fnd_0008,,Distribution,OWN_FUNDS,cca_0043,429864,SETTLED,"{""class"": ""THIRD_PARTY"", ""detail"": ""payer differs from LP legal entity""}"
pay_0069,TX-405530,2026-06-17,28867953,AED,USD,bac_0095,per_0095,PERSON,fnd_0006,,Distribution,THIRD_PARTY,cca_0033,28819959,SETTLED,"{""class"": ""UNEXPECTED_CURRENCY"", ""detail"": ""AED received, USD expected""}"
pay_0070,TX-733140,2026-07-25,482763,USD,USD,bac_0069,per_0069,PERSON,fnd_0006,,Subsequent subscription,THIRD_PARTY,cca_0032,504721,SETTLED,
pay_0071,TX-559360,2026-07-22,250602,USD,USD,bac_0010,per_0010,PERSON,fnd_0007,,Capital call funding,THIRD_PARTY,cca_0036,259688,SETTLED,
pay_0072,TX-152848,2026-04-19,267901,USD,USD,bac_0174,cmp_0054,COMPANY,fnd_0007,,Capital call funding,OWN_FUNDS,cca_0036,265171,SETTLED,
pay_0073,TX-275123,2026-07-03,8899597,USD,USD,bac_0041,per_0041,PERSON,fnd_0007,,Distribution,OWN_FUNDS,cca_0040,8945211,SETTLED,
pay_0074,TX-189221,2026-04-13,1127748,USD,USD,bac_0169,cmp_0049,COMPANY,fnd_0006,,Capital call funding,OWN_FUNDS,cca_0035,1084137,SETTLED,
pay_0075,TX-489420,2026-06-19,6759950,USD,USD,bac_0140,cmp_0020,COMPANY,fnd_0008,,Capital call funding,OWN_FUNDS,cca_0044,6493069,SETTLED,
pay_0076,TX-879053,2026-06-04,14952709,USD,USD,bac_0010,per_0010,PERSON,fnd_0007,,Capital call funding,OWN_FUNDS,cca_0040,15171513,SETTLED,
pay_0077,TX-325282,2026-05-15,342168,JPY,USD,bac_0007,per_0105,PERSON,fnd_0006,,Capital call funding,OWN_FUNDS,cca_0031,336489,SETTLED,"{""class"": ""THIRD_PARTY"", ""detail"": ""payer differs from LP legal entity""}"
pay_0078,TX-986963,2026-05-14,3796709,USD,USD,bac_0174,cmp_0054,COMPANY,fnd_0008,,Subsequent subscription,OWN_FUNDS,cca_0044,3693401,SETTLED,
pay_0079,TX-200122,2026-04-11,339815,USD,USD,bac_0135,cmp_0015,COMPANY,fnd_0007,,Subsequent subscription,OWN_FUNDS,cca_0036,338145,SETTLED,
pay_0080,TX-440531,2026-05-09,425957,AED,USD,bac_0132,cmp_0012,COMPANY,fnd_0008,,Distribution,OWN_FUNDS,cca_0043,429864,SETTLED,"{""class"": ""UNEXPECTED_CURRENCY"", ""detail"": ""AED received, USD expected""}"
pay_0081,TX-819974,2026-07-04,8748558,USD,USD,bac_0130,cmp_0010,COMPANY,fnd_0007,,Subsequent subscription,OWN_FUNDS,cca_0038,8519972,SETTLED,
pay_0082,TX-976774,2026-06-27,4446238,USD,USD,bac_0046,per_0016,PERSON,fnd_0008,,Subsequent subscription,OWN_FUNDS,cca_0043,4459377,SETTLED,"{""class"": ""THIRD_PARTY"", ""detail"": ""payer differs from LP legal entity""}"
pay_0083,TX-742327,2026-06-13,2972089,USD,USD,bac_0052,per_0052,PERSON,fnd_0006,,Subsequent subscription,OWN_FUNDS,cca_0033,2959665,SETTLED,
pay_0084,TX-434473,2026-04-13,1130847,USD,USD,bac_0156,cmp_0036,COMPANY,fnd_0006,,Capital call funding,OWN_FUNDS,cca_0035,1084137,SETTLED,
pay_0085,TX-119731,2026-05-29,11139533,USD,USD,bac_0019,per_0019,PERSON,fnd_0007,,Capital call funding,OWN_FUNDS,cca_0038,11276490,SETTLED,
pay_0086,TX-561785,2026-07-13,14927041,USD,USD,bac_0128,cmp_0008,COMPANY,fnd_0007,,Distribution,OWN_FUNDS,cca_0037,15064137,SETTLED,
pay_0087,TX-372267,2026-05-21,47074,USD,USD,bac_0008,per_0008,PERSON,fnd_0005,,Capital call funding,OWN_FUNDS,cca_0028,46946,SETTLED,
pay_0088,TX-435997,2026-05-13,112502,USD,USD,bac_0036,per_0036,PERSON,fnd_0008,,Subsequent subscription,OWN_FUNDS,cca_0044,109475,SETTLED,
pay_0089,TX-277166,2026-07-27,29724108,USD,USD,bac_0120,per_0120,PERSON,fnd_0006,,Distribution,OWN_FUNDS,cca_0033,28819959,SETTLED,
pay_0090,TX-667259,2026-06-24,46976,JPY,USD,bac_0161,per_0028,PERSON,fnd_0005,,Capital call funding,UNKNOWN,cca_0028,46946,SETTLED,"{""class"": ""THIRD_PARTY"", ""detail"": ""payer differs from LP legal entity""}"
pay_0091,TX-648556,2026-04-10,35622766,USD,USD,bac_0119,per_0119,PERSON,fnd_0007,,Subsequent subscription,THIRD_PARTY,cca_0038,33972718,SETTLED,
pay_0092,TX-326704,2026-07-02,2260865,USD,USD,bac_0024,per_0024,PERSON,fnd_0005,,Capital call funding,OWN_FUNDS,cca_0029,2258256,SETTLED,
pay_0093,TX-276965,2026-08-06,6191802,USD,USD,bac_0145,cmp_0025,COMPANY,fnd_0008,,Distribution,THIRD_PARTY,cca_0044,6493069,SETTLED,
pay_0094,TX-812669,2026-04-18,1132756,USD,USD,bac_0071,per_0071,PERSON,fnd_0007,,Subsequent subscription,OWN_FUNDS,cca_0041,1104614,SETTLED,
pay_0095,TX-751949,2026-06-09,14077341,USD,USD,bac_0044,per_0044,PERSON,fnd_0007,,Distribution,OWN_FUNDS,cca_0037,14522098,SETTLED,
pay_0096,TX-196833,2026-06-10,2159023,USD,USD,bac_0170,cmp_0050,COMPANY,fnd_0005,,Subsequent subscription,OWN_FUNDS,cca_0030,2103220,SETTLED,
pay_0097,TX-189455,2026-05-26,6278022,USD,USD,bac_0110,per_0110,PERSON,fnd_0005,,Subsequent subscription,OWN_FUNDS,cca_0029,6575654,SETTLED,
pay_0098,TX-573648,2026-05-06,265676,USD,USD,bac_0057,per_0057,PERSON,fnd_0007,,Subsequent subscription,OWN_FUNDS,cca_0036,265171,SETTLED,
pay_0099,TX-945887,2026-04-30,12680520,USD,USD,bac_0099,per_0099,PERSON,fnd_0007,,Subsequent subscription,OWN_FUNDS,cca_0037,12401583,SETTLED,
pay_0100,TX-593036,2026-05-15,4797521,USD,USD,bac_0107,per_0107,PERSON,fnd_0007,,Distribution,OWN_FUNDS,cca_0040,4831573,SETTLED,
pay_0101,TX-632324,2026-08-06,16677329,USD,USD,bac_0017,per_0017,PERSON,fnd_0006,,Distribution,UNKNOWN,cca_0031,16028365,SETTLED,
pay_0102,TX-900063,2026-07-28,44021321,SGD,USD,bac_0006,per_0006,PERSON,fnd_0008,,Capital call funding,OWN_FUNDS,cca_0042,27513326,SETTLED,"{""class"": ""OVERPAYMENT"", ""detail"": ""amount exceeds allocated amount""}"
pay_0103,TX-254908,2026-05-01,5272454,USD,USD,bac_0093,per_0093,PERSON,fnd_0005,,Capital call funding,OWN_FUNDS,cca_0030,5314195,SETTLED,
pay_0104,TX-499948,2026-06-10,2182571,USD,USD,bac_0020,per_0020,PERSON,fnd_0006,,Capital call funding,OWN_FUNDS,cca_0031,2174317,SETTLED,
pay_0105,TX-176910,2026-08-04,12619799,USD,USD,bac_0051,UNKNOWN,UNKNOWN,fnd_0007,,Capital call funding,OWN_FUNDS,cca_0041,12572016,SETTLED,"{""class"": ""UNKNOWN_SOURCE"", ""detail"": ""no matching counterparty""}"
pay_0106,TX-775846,2026-06-28,1772538,USD,USD,bac_0073,per_0073,PERSON,fnd_0005,,Capital call funding,OWN_FUNDS,cca_0029,1735167,SETTLED,
pay_0107,TX-891708,2026-06-25,15595546,USD,USD,bac_0092,per_0092,PERSON,fnd_0007,,Capital call funding,THIRD_PARTY,cca_0040,15171513,SETTLED,
pay_0108,TX-489285,2026-06-20,16725501,USD,USD,bac_0001,per_0001,PERSON,fnd_0005,,Subsequent subscription,OWN_FUNDS,cca_0028,16538076,SETTLED,
pay_0109,TX-400574,2026-07-24,17044719,USD,USD,bac_0138,cmp_0018,COMPANY,fnd_0005,,Capital call funding,THIRD_PARTY,cca_0029,17116407,SETTLED,
pay_0110,TX-257126,2026-05-29,390619,USD,USD,bac_0178,cmp_0058,COMPANY,fnd_0006,,Capital call funding,OWN_FUNDS,cca_0033,410315,SETTLED,
pay_0111,TX-120756,2026-06-21,392306,USD,USD,bac_0060,per_0060,PERSON,fnd_0006,,Subsequent subscription,OWN_FUNDS,cca_0034,390132,SETTLED,
pay_0112,TX-768067,2026-07-06,3379368,USD,USD,bac_0140,cmp_0020,COMPANY,fnd_0007,,Subsequent subscription,OWN_FUNDS,cca_0041,3321117,SETTLED,
pay_0113,TX-631528,2026-07-06,138719,USD,USD,bac_0149,cmp_0029,COMPANY,fnd_0008,,Capital call funding,OWN_FUNDS,cca_0044,133629,SETTLED,
pay_0114,TX-581617,2026-04-15,70442,AED,USD,bac_0002,per_0002,PERSON,fnd_0005,,Capital call funding,OWN_FUNDS,cca_0029,70070,SETTLED,"{""class"": ""UNEXPECTED_CURRENCY"", ""detail"": ""AED received, USD expected""}"
pay_0115,TX-643404,2026-07-17,552184,USD,USD,bac_0151,cmp_0031,COMPANY,fnd_0006,,Capital call funding,THIRD_PARTY,cca_0034,580369,SETTLED,
pay_0116,TX-533385,2026-07-24,7797097,USD,USD,bac_0106,per_0106,PERSON,fnd_0007,,Distribution,OWN_FUNDS,cca_0038,8206515,SETTLED,
pay_0117,TX-413544,2026-04-14,15989880,USD,USD,bac_0080,per_0080,PERSON,fnd_0006,,Subsequent subscription,OWN_FUNDS,cca_0031,16028365,SETTLED,
pay_0118,TX-133002,2026-08-04,4699568,USD,USD,bac_0138,cmp_0018,COMPANY,fnd_0006,,Capital call funding,OWN_FUNDS,cca_0035,4836395,SETTLED,
pay_0119,TX-994816,2026-04-16,16326196,USD,USD,bac_0037,per_0037,PERSON,fnd_0006,,Capital call funding,THIRD_PARTY,cca_0031,16028365,SETTLED,
pay_0120,TX-831288,2026-07-08,976276,USD,USD,bac_0060,per_0060,PERSON,fnd_0008,,Subsequent subscription,OWN_FUNDS,cca_0042,950863,SETTLED,
pay_0121,TX-600225,2026-05-23,475884,USD,USD,bac_0045,per_0045,PERSON,fnd_0006,,Capital call funding,OWN_FUNDS,cca_0034,467312,SETTLED,
pay_0122,TX-911313,2026-07-05,11099263,USD,USD,bac_0125,cmp_0005,COMPANY,fnd_0007,,Capital call funding,OWN_FUNDS,cca_0038,11276490,SETTLED,
pay_0123,TX-210552,2026-07-03,427775,USD,USD,bac_0178,cmp_0058,COMPANY,fnd_0008,,Subsequent subscription,OWN_FUNDS,cca_0044,412840,SETTLED,
pay_0124,TX-946085,2026-08-06,265007,USD,USD,bac_0047,per_0047,PERSON,fnd_0007,,Capital call funding,OWN_FUNDS,cca_0037,273239,SETTLED,
pay_0125,TX-878260,2026-07-12,1737895,USD,USD,bac_0042,per_0042,PERSON,fnd_0005,,Distribution,OWN_FUNDS,cca_0029,1735167,SETTLED,
pay_0126,TX-840378,2026-05-13,565484,USD,USD,bac_0045,per_0045,PERSON,fnd_0006,,Subsequent subscription,OWN_FUNDS,cca_0034,559134,SETTLED,
pay_0127,TX-114809,2026-04-29,344779,USD,USD,bac_0123,cmp_0003,COMPANY,fnd_0006,,Capital call funding,OWN_FUNDS,cca_0035,357852,SETTLED,
pay_0128,TX-514781,2026-04-21,8145269,USD,USD,bac_0033,per_0033,PERSON,fnd_0007,,Capital call funding,OWN_FUNDS,cca_0038,8519972,SETTLED,
pay_0129,TX-164183,2026-08-04,8626017,USD,USD,bac_0055,per_0055,PERSON,fnd_0008,,Distribution,OWN_FUNDS,cca_0043,8456935,SETTLED,
pay_0130,TX-372170,2026-07-25,3551876,USD,USD,bac_0049,per_0049,PERSON,fnd_0008,,Distribution,UNKNOWN,cca_0044,3693401,SETTLED,
pay_0131,TX-226790,2026-05-05,6646495,USD,USD,bac_0109,per_0109,PERSON,fnd_0008,,Capital call funding,OWN_FUNDS,cca_0044,6493069,SETTLED,
pay_0132,TX-607642,2026-07-31,555846,USD,USD,bac_0034,per_0034,PERSON,fnd_0006,,Capital call funding,OWN_FUNDS,cca_0031,567503,SETTLED,"{""class"": ""SANCTIONED_PAYER"", ""detail"": ""payer resembles sanctions entry""}"
pay_0133,TX-516450,2026-07-21,449871,JPY,USD,bac_0005,per_0067,PERSON,fnd_0006,,Subsequent subscription,THIRD_PARTY,cca_0034,467312,SETTLED,"{""class"": ""THIRD_PARTY"", ""detail"": ""payer differs from LP legal entity""}"
pay_0134,TX-660352,2026-07-07,16018069,USD,USD,bac_0178,cmp_0058,COMPANY,fnd_0007,,Subsequent subscription,OWN_FUNDS,cca_0038,15804058,SETTLED,
pay_0135,TX-270694,2026-07-27,15798673,USD,USD,bac_0130,cmp_0010,COMPANY,fnd_0007,,Subsequent subscription,OWN_FUNDS,cca_0040,15171513,SETTLED,
pay_0136,TX-886808,2026-05-01,496288,USD,USD,bac_0124,cmp_0055,COMPANY,fnd_0006,,Capital call funding,OWN_FUNDS,cca_0035,520880,SETTLED,"{""class"": ""THIRD_PARTY"", ""detail"": ""payer differs from LP legal entity""}"
pay_0137,TX-877887,2026-05-11,9360870,USD,USD,bac_0050,per_0050,PERSON,fnd_0005,,Capital call funding,THIRD_PARTY,cca_0027,9626000,SETTLED,
pay_0138,TX-809505,2026-07-15,169062,USD,USD,bac_0105,per_0105,PERSON,fnd_0005,,Subsequent subscription,OWN_FUNDS,cca_0027,165659,SETTLED,
pay_0139,TX-266148,2026-06-06,9611564,USD,USD,bac_0179,cmp_0059,COMPANY,fnd_0006,,Capital call funding,UNKNOWN,cca_0032,9613559,SETTLED,
pay_0140,TX-931812,2026-07-31,11682342,USD,USD,bac_0017,per_0017,PERSON,fnd_0007,,Capital call funding,OWN_FUNDS,cca_0037,12242579,SETTLED,
pay_0141,TX-270555,2026-05-21,17351194,AED,USD,bac_0007,per_0007,PERSON,fnd_0005,,Capital call funding,OWN_FUNDS,cca_0028,17979299,SETTLED,"{""class"": ""UNEXPECTED_CURRENCY"", ""detail"": ""AED received, USD expected""}"
pay_0142,TX-753706,2026-04-11,81584,USD,USD,bac_0157,cmp_0037,COMPANY,fnd_0007,,Capital call funding,OWN_FUNDS,cca_0037,82011,SETTLED,
pay_0143,TX-201096,2026-07-18,595639,USD,USD,bac_0176,cmp_0056,COMPANY,fnd_0007,,Capital call funding,THIRD_PARTY,cca_0039,618818,SETTLED,
pay_0144,TX-713190,2026-07-09,8427554,USD,USD,bac_0122,cmp_0002,COMPANY,fnd_0008,,Capital call funding,THIRD_PARTY,cca_0042,8273212,SETTLED,
pay_0145,TX-442784,2026-06-11,10068573,USD,USD,bac_0137,cmp_0017,COMPANY,fnd_0007,,Subsequent subscription,OWN_FUNDS,cca_0038,10230238,SETTLED,
pay_0146,TX-194187,2026-07-31,2012083,USD,USD,bac_0156,cmp_0036,COMPANY,fnd_0005,,Capital call funding,OWN_FUNDS,cca_0030,2103220,SETTLED,
pay_0147,TX-544201,2026-07-11,25346957,USD,USD,bac_0070,per_0070,PERSON,fnd_0007,,Subsequent subscription,OWN_FUNDS,cca_0038,24526030,SETTLED,
pay_0148,TX-194425,2026-07-19,5000481,USD,USD,bac_0057,per_0057,PERSON,fnd_0005,,Capital call funding,OWN_FUNDS,cca_0029,4944832,SETTLED,
pay_0149,TX-463417,2026-07-11,307670,USD,USD,bac_0151,cmp_0031,COMPANY,fnd_0008,,Subsequent subscription,THIRD_PARTY,cca_0043,296873,SETTLED,
pay_0150,TX-694397,2026-06-18,544233,JPY,USD,bac_0142,UNKNOWN,UNKNOWN,fnd_0006,,Capital call funding,OWN_FUNDS,cca_0035,520880,SETTLED,"{""class"": ""UNKNOWN_SOURCE"", ""detail"": ""no matching counterparty""}"
pay_0151,TX-540414,2026-06-18,1045001,USD,USD,bac_0102,per_0102,PERSON,fnd_0006,,Capital call funding,OWN_FUNDS,cca_0035,1084137,SETTLED,
pay_0152,TX-850258,2026-06-30,10098903,GBP,USD,bac_0110,UNKNOWN,UNKNOWN,fnd_0005,,Capital call funding,OWN_FUNDS,cca_0029,10160948,SETTLED,"{""class"": ""UNKNOWN_SOURCE"", ""detail"": ""no matching counterparty""}"
pay_0153,TX-927363,2026-05-17,11043180,USD,USD,bac_0084,per_0084,PERSON,fnd_0007,,Capital call funding,OWN_FUNDS,cca_0039,11059608,SETTLED,
pay_0154,TX-756833,2026-07-29,1717907,USD,USD,bac_0132,cmp_0012,COMPANY,fnd_0006,,Capital call funding,OWN_FUNDS,cca_0032,1676492,SETTLED,
pay_0155,TX-926599,2026-06-03,7547612,USD,USD,bac_0179,cmp_0059,COMPANY,fnd_0005,,Subsequent subscription,OWN_FUNDS,cca_0027,7406299,SETTLED,
pay_0156,TX-451117,2026-04-10,2119689,USD,USD,bac_0179,cmp_0059,COMPANY,fnd_0008,,Capital call funding,OWN_FUNDS,cca_0042,2087650,SETTLED,
pay_0157,TX-752177,2026-07-28,33582567,USD,USD,bac_0173,cmp_0053,COMPANY,fnd_0007,,Capital call funding,OWN_FUNDS,cca_0041,32007880,SETTLED,
pay_0158,TX-983768,2026-04-17,4285638,USD,USD,bac_0042,per_0042,PERSON,fnd_0007,,Capital call funding,OWN_FUNDS,cca_0039,4446834,SETTLED,
pay_0159,TX-605563,2026-06-09,2190334,USD,USD,bac_0108,per_0108,PERSON,fnd_0005,,Capital call funding,OWN_FUNDS,cca_0029,2258256,SETTLED,
pay_0160,TX-169637,2026-07-24,1715227,USD,USD,bac_0137,cmp_0017,COMPANY,fnd_0006,,Capital call funding,THIRD_PARTY,cca_0032,1676492,SETTLED,
pay_0161,TX-333452,2026-08-07,402890,USD,USD,bac_0027,per_0027,PERSON,fnd_0006,,Capital call funding,OWN_FUNDS,cca_0034,390132,SETTLED,
pay_0162,TX-314410,2026-04-25,13202380,USD,USD,bac_0035,per_0035,PERSON,fnd_0007,,Capital call funding,OWN_FUNDS,cca_0036,13392554,SETTLED,
pay_0163,TX-274539,2026-07-26,70006,AED,USD,bac_0089,per_0089,PERSON,fnd_0005,,Distribution,UNKNOWN,cca_0029,70070,SETTLED,"{""class"": ""UNEXPECTED_CURRENCY"", ""detail"": ""AED received, USD expected""}"
pay_0164,TX-843266,2026-04-28,73549,USD,USD,bac_0060,per_0060,PERSON,fnd_0005,,Capital call funding,THIRD_PARTY,cca_0029,70070,SETTLED,
pay_0165,TX-223352,2026-06-26,183902,USD,USD,bac_0157,cmp_0037,COMPANY,fnd_0008,,Capital call funding,OWN_FUNDS,cca_0043,179275,SETTLED,
pay_0166,TX-913965,2026-05-21,9286011,USD,USD,bac_0076,per_0076,PERSON,fnd_0005,,Distribution,OWN_FUNDS,cca_0029,9194463,SETTLED,
pay_0167,TX-389639,2026-04-21,13177757,USD,USD,bac_0043,per_0043,PERSON,fnd_0007,,Distribution,OWN_FUNDS,cca_0041,12572016,SETTLED,
pay_0168,TX-485247,2026-07-12,24942543,USD,USD,bac_0017,per_0017,PERSON,fnd_0007,,Capital call funding,OWN_FUNDS,cca_0038,24526030,SETTLED,
pay_0169,TX-381596,2026-04-15,990803,USD,USD,bac_0158,cmp_0038,COMPANY,fnd_0008,,Capital call funding,OWN_FUNDS,cca_0042,950863,SETTLED,
pay_0170,TX-706531,2026-04-15,217151,USD,USD,bac_0058,UNKNOWN,UNKNOWN,fnd_0006,,Distribution,OWN_FUNDS,cca_0033,222222,SETTLED,"{""class"": ""UNKNOWN_SOURCE"", ""detail"": ""no matching counterparty""}"
pay_0171,TX-340446,2026-05-16,28127739,USD,USD,bac_0157,cmp_0037,COMPANY,fnd_0007,,Capital call funding,UNKNOWN,cca_0040,26841266,SETTLED,
pay_0172,TX-894704,2026-07-25,29742078,USD,USD,bac_0039,per_0039,PERSON,fnd_0006,,Subsequent subscription,OWN_FUNDS,cca_0031,30629722,SETTLED,
pay_0173,TX-937324,2026-04-23,793270,AED,USD,bac_0120,per_0120,PERSON,fnd_0007,,Capital call funding,OWN_FUNDS,cca_0037,495794,SETTLED,"{""class"": ""OVERPAYMENT"", ""detail"": ""amount exceeds allocated amount""}"
pay_0174,TX-553148,2026-06-11,523575,USD,USD,bac_0084,per_0084,PERSON,fnd_0006,,Capital call funding,OWN_FUNDS,cca_0032,504721,SETTLED,
pay_0175,TX-538363,2026-08-03,1692335,AED,USD,bac_0148,per_0040,PERSON,fnd_0006,,Capital call funding,OWN_FUNDS,cca_0034,1700793,SETTLED,"{""class"": ""THIRD_PARTY"", ""detail"": ""payer differs from LP legal entity""}"
pay_0176,TX-932566,2026-06-01,32971033,USD,USD,bac_0051,per_0051,PERSON,fnd_0006,,Subsequent subscription,OWN_FUNDS,cca_0032,31892841,SETTLED,
pay_0177,TX-937133,2026-07-27,14876776,USD,USD,bac_0077,per_0077,PERSON,fnd_0006,,Distribution,OWN_FUNDS,cca_0031,14531400,SETTLED,
pay_0178,TX-855973,2026-05-04,571448,USD,USD,bac_0025,per_0025,PERSON,fnd_0006,,Capital call funding,THIRD_PARTY,cca_0035,551448,SETTLED,
pay_0179,TX-483270,2026-08-07,33603058,USD,USD,bac_0146,cmp_0026,COMPANY,fnd_0007,,Subsequent subscription,OWN_FUNDS,cca_0039,33894435,SETTLED,
pay_0180,TX-803485,2026-07-24,340931,USD,USD,bac_0050,per_0050,PERSON,fnd_0006,,Subsequent subscription,OWN_FUNDS,cca_0033,341032,SETTLED,
pay_0181,TX-945799,2026-06-25,10510917,USD,USD,bac_0068,per_0068,PERSON,fnd_0007,,Subsequent subscription,THIRD_PARTY,cca_0039,11059608,SETTLED,
pay_0182,TX-233452,2026-07-08,16649143,USD,USD,bac_0001,per_0001,PERSON,fnd_0006,,Distribution,OWN_FUNDS,cca_0034,16637753,SETTLED,
pay_0183,TX-832059,2026-04-09,1044995,USD,USD,bac_0048,per_0048,PERSON,fnd_0008,,Subsequent subscription,OWN_FUNDS,cca_0042,1000923,SETTLED,
pay_0184,TX-866151,2026-06-26,24274420,USD,USD,bac_0002,per_0002,PERSON,fnd_0007,,Capital call funding,OWN_FUNDS,cca_0040,15171513,SETTLED,"{""class"": ""OVERPAYMENT"", ""detail"": ""amount exceeds allocated amount""}"
pay_0185,TX-249096,2026-05-28,300633,USD,USD,bac_0048,per_0048,PERSON,fnd_0006,,Distribution,OWN_FUNDS,cca_0032,293487,SETTLED,
pay_0186,TX-963214,2026-07-26,13449481,USD,USD,bac_0156,cmp_0036,COMPANY,fnd_0007,,Capital call funding,OWN_FUNDS,cca_0040,13186618,SETTLED,
pay_0187,TX-526223,2026-04-18,445161,USD,USD,bac_0155,cmp_0035,COMPANY,fnd_0007,,Capital call funding,OWN_FUNDS,cca_0039,453697,SETTLED,
pay_0188,TX-442583,2026-04-26,746028,USD,USD,bac_0107,per_0107,PERSON,fnd_0007,,Subsequent subscription,OWN_FUNDS,cca_0040,719672,SETTLED,
pay_0189,TX-676028,2026-06-13,12530317,USD,USD,bac_0025,per_0025,PERSON,fnd_0007,,Distribution,OWN_FUNDS,cca_0037,12242579,SETTLED,
pay_0190,TX-963293,2026-06-10,703858,USD,USD,bac_0155,cmp_0035,COMPANY,fnd_0007,,Distribution,OWN_FUNDS,cca_0040,719672,SETTLED,
pay_0191,TX-288868,2026-04-19,3975802,USD,USD,bac_0050,per_0050,PERSON,fnd_0008,,Distribution,OWN_FUNDS,cca_0044,3917741,SETTLED,
pay_0192,TX-418685,2026-08-05,15361344,USD,USD,bac_0158,cmp_0038,COMPANY,fnd_0007,,Capital call funding,OWN_FUNDS,cca_0038,15804058,SETTLED,
pay_0193,TX-404742,2026-04-13,26529081,USD,USD,bac_0049,per_0049,PERSON,fnd_0007,,Subsequent subscription,OWN_FUNDS,cca_0037,25598669,SETTLED,
pay_0194,TX-754847,2026-05-07,290741,USD,USD,bac_0125,cmp_0005,COMPANY,fnd_0008,,Subsequent subscription,OWN_FUNDS,cca_0043,296873,SETTLED,
pay_0195,TX-939176,2026-05-08,2369561,USD,USD,bac_0153,cmp_0033,COMPANY,fnd_0008,,Subsequent subscription,OWN_FUNDS,cca_0042,2385855,SETTLED,
pay_0196,TX-103746,2026-07-27,2713384,USD,USD,bac_0067,per_0067,PERSON,fnd_0006,,Subsequent subscription,OWN_FUNDS,cca_0032,2668942,SETTLED,
pay_0197,TX-286946,2026-05-15,3486396,AED,USD,bac_0025,per_0025,PERSON,fnd_0007,,Distribution,OWN_FUNDS,cca_0041,3321117,SETTLED,"{""class"": ""UNEXPECTED_CURRENCY"", ""detail"": ""AED received, USD expected""}"
pay_0198,TX-351137,2026-07-16,2162078,USD,USD,bac_0014,per_0014,PERSON,fnd_0006,,Subsequent subscription,OWN_FUNDS,cca_0031,2174317,SETTLED,
pay_0199,TX-103895,2026-06-12,10002307,USD,USD,bac_0015,per_0015,PERSON,fnd_0006,,Subsequent subscription,THIRD_PARTY,cca_0035,10119058,SETTLED,
pay_0200,TX-122737,2026-04-15,258759,USD,USD,bac_0036,per_0036,PERSON,fnd_0007,,Capital call funding,OWN_FUNDS,cca_0036,259688,SETTLED,
pay_0201,TX-105040,2026-05-20,973031,USD,USD,bac_0003,per_0003,PERSON,fnd_0006,,Distribution,UNKNOWN,cca_0033,986239,SETTLED,
pay_0202,TX-512066,2026-06-01,472176,USD,USD,bac_0065,per_0065,PERSON,fnd_0006,,Subsequent subscription,OWN_FUNDS,cca_0033,461560,SETTLED,
pay_0203,TX-974728,2026-07-05,139697,USD,USD,bac_0120,per_0120,PERSON,fnd_0007,,Capital call funding,OWN_FUNDS,cca_0038,140181,SETTLED,
pay_0204,TX-269876,2026-05-17,364352,USD,USD,bac_0119,per_0119,PERSON,fnd_0007,,Distribution,OWN_FUNDS,cca_0040,378294,SETTLED,
pay_0205,TX-616250,2026-05-14,265054,USD,USD,bac_0037,per_0037,PERSON,fnd_0005,,Capital call funding,THIRD_PARTY,cca_0027,165659,SETTLED,"{""class"": ""OVERPAYMENT"", ""detail"": ""amount exceeds allocated amount""}"
pay_0206,TX-674000,2026-08-02,8213751,EUR,USD,bac_0131,cmp_0060,COMPANY,fnd_0007,,Capital call funding,UNKNOWN,cca_0038,8519972,SETTLED,"{""class"": ""THIRD_PARTY"", ""detail"": ""payer differs from LP legal entity""}"
pay_0207,TX-135825,2026-05-21,14624486,AED,USD,bac_0060,per_0021,PERSON,fnd_0007,,Capital call funding,OWN_FUNDS,cca_0036,14255781,SETTLED,"{""class"": ""THIRD_PARTY"", ""detail"": ""payer differs from LP legal entity""}"
pay_0208,TX-899409,2026-04-24,1336236,USD,USD,bac_0154,cmp_0034,COMPANY,fnd_0006,,Subsequent subscription,OWN_FUNDS,cca_0034,1350123,SETTLED,
pay_0209,TX-538913,2026-05-02,32565407,EUR,USD,bac_0067,UNKNOWN,UNKNOWN,fnd_0007,,Capital call funding,OWN_FUNDS,cca_0039,33894435,SETTLED,"{""class"": ""UNKNOWN_SOURCE"", ""detail"": ""no matching counterparty""}"
pay_0210,TX-687343,2026-06-08,15241001,USD,USD,bac_0121,cmp_0001,COMPANY,fnd_0006,,Distribution,OWN_FUNDS,cca_0033,15155526,SETTLED,
pay_0211,TX-561129,2026-05-31,262711,USD,USD,bac_0144,cmp_0024,COMPANY,fnd_0007,,Capital call funding,OWN_FUNDS,cca_0037,273239,SETTLED,
pay_0212,TX-536978,2026-06-06,6961983,USD,USD,bac_0100,per_0100,PERSON,fnd_0007,,Capital call funding,OWN_FUNDS,cca_0039,6809948,SETTLED,
pay_0213,TX-306571,2026-06-28,3666383,USD,USD,bac_0170,cmp_0050,COMPANY,fnd_0008,,Capital call funding,OWN_FUNDS,cca_0044,3693401,SETTLED,
pay_0214,TX-201441,2026-06-16,20128817,USD,USD,bac_0078,per_0078,PERSON,fnd_0008,,Capital call funding,OWN_FUNDS,cca_0044,19321985,SETTLED,
pay_0215,TX-635313,2026-06-28,3833286,JPY,USD,bac_0113,per_0113,PERSON,fnd_0006,,Capital call funding,OWN_FUNDS,cca_0034,2395804,SETTLED,"{""class"": ""OVERPAYMENT"", ""detail"": ""amount exceeds allocated amount""}"
pay_0216,TX-820073,2026-07-03,1768328,USD,USD,bac_0178,cmp_0058,COMPANY,fnd_0006,,Capital call funding,OWN_FUNDS,cca_0034,1736733,SETTLED,
pay_0217,TX-286588,2026-06-17,13272262,AED,USD,bac_0037,UNKNOWN,UNKNOWN,fnd_0007,,Distribution,OWN_FUNDS,cca_0040,13186618,SETTLED,"{""class"": ""UNKNOWN_SOURCE"", ""detail"": ""no matching counterparty""}"
pay_0218,TX-733041,2026-04-14,144045,USD,USD,bac_0100,per_0100,PERSON,fnd_0008,,Subsequent subscription,OWN_FUNDS,cca_0042,138059,SETTLED,
pay_0219,TX-592769,2026-05-18,528288,USD,USD,bac_0168,cmp_0048,COMPANY,fnd_0006,,Distribution,OWN_FUNDS,cca_0035,520880,SETTLED,
pay_0220,TX-259322,2026-05-20,520376,INR,USD,bac_0080,UNKNOWN,UNKNOWN,fnd_0006,,Capital call funding,THIRD_PARTY,cca_0032,504721,SETTLED,"{""class"": ""UNKNOWN_SOURCE"", ""detail"": ""no matching counterparty""}"
pay_0221,TX-641294,2026-07-30,3745840,USD,USD,bac_0030,per_0030,PERSON,fnd_0008,,Capital call funding,UNKNOWN,cca_0044,3917741,SETTLED,
pay_0222,TX-782244,2026-07-11,8941773,USD,USD,bac_0063,per_0063,PERSON,fnd_0005,,Capital call funding,OWN_FUNDS,cca_0029,9194463,SETTLED,
pay_0223,TX-530032,2026-06-27,440450,AED,USD,bac_0109,per_0109,PERSON,fnd_0008,,Capital call funding,OWN_FUNDS,cca_0043,429864,SETTLED,"{""class"": ""UNEXPECTED_CURRENCY"", ""detail"": ""AED received, USD expected""}"
pay_0224,TX-431463,2026-05-27,571540,USD,USD,bac_0050,per_0050,PERSON,fnd_0006,,Distribution,OWN_FUNDS,cca_0034,559134,SETTLED,
pay_0225,TX-346981,2026-07-30,21944766,USD,USD,bac_0113,per_0113,PERSON,fnd_0005,,Capital call funding,OWN_FUNDS,cca_0027,23023651,SETTLED,
pay_0226,TX-179576,2026-05-25,5018992,USD,USD,bac_0065,per_0065,PERSON,fnd_0008,,Capital call funding,OWN_FUNDS,cca_0042,5025715,SETTLED,
pay_0227,TX-845262,2026-07-23,291083,USD,USD,bac_0073,per_0073,PERSON,fnd_0006,,Capital call funding,OWN_FUNDS,cca_0032,293487,SETTLED,
pay_0228,TX-398549,2026-07-29,79464,USD,USD,bac_0168,cmp_0048,COMPANY,fnd_0007,,Distribution,THIRD_PARTY,cca_0037,82011,SETTLED,
pay_0229,TX-677069,2026-07-11,736749,USD,USD,bac_0160,cmp_0040,COMPANY,fnd_0007,,Capital call funding,OWN_FUNDS,cca_0040,719672,SETTLED,
pay_0230,TX-753509,2026-05-08,2168244,USD,USD,bac_0072,per_0072,PERSON,fnd_0006,,Subsequent subscription,OWN_FUNDS,cca_0035,2150628,SETTLED,
pay_0231,TX-896638,2026-06-03,2211757,USD,USD,bac_0160,cmp_0040,COMPANY,fnd_0006,,Capital call funding,THIRD_PARTY,cca_0035,2150628,SETTLED,
pay_0232,TX-235705,2026-04-16,22567405,USD,USD,bac_0044,per_0044,PERSON,fnd_0007,,Capital call funding,OWN_FUNDS,cca_0036,21898411,SETTLED,
pay_0233,TX-215555,2026-04-27,26927032,AED,USD,bac_0114,per_0114,PERSON,fnd_0008,,Distribution,OWN_FUNDS,cca_0044,26777696,SETTLED,"{""class"": ""UNEXPECTED_CURRENCY"", ""detail"": ""AED received, USD expected""}"
pay_0234,TX-286219,2026-07-25,8419390,USD,USD,bac_0105,per_0105,PERSON,fnd_0007,,Capital call funding,OWN_FUNDS,cca_0038,8519972,SETTLED,
pay_0235,TX-962067,2026-06-12,1390574,USD,USD,bac_0076,per_0076,PERSON,fnd_0006,,Distribution,THIRD_PARTY,cca_0034,1350123,SETTLED,
pay_0236,TX-379514,2026-05-02,2681745,USD,USD,bac_0029,per_0029,PERSON,fnd_0006,,Capital call funding,OWN_FUNDS,cca_0032,2668942,SETTLED,
pay_0237,TX-552520,2026-05-09,432021,USD,USD,bac_0018,per_0018,PERSON,fnd_0008,,Distribution,OWN_FUNDS,cca_0044,412840,SETTLED,
pay_0238,TX-217785,2026-05-19,646840,USD,USD,bac_0054,per_0054,PERSON,fnd_0007,,Subsequent subscription,OWN_FUNDS,cca_0039,618818,SETTLED,
pay_0239,TX-645880,2026-05-19,6329568,USD,USD,bac_0080,per_0080,PERSON,fnd_0005,,Distribution,OWN_FUNDS,cca_0029,6575654,SETTLED,
pay_0240,TX-626660,2026-07-22,7750722,USD,USD,bac_0059,per_0059,PERSON,fnd_0007,,Capital call funding,OWN_FUNDS,cca_0041,7967632,SETTLED,
pay_0241,TX-697437,2026-07-26,4869109,AED,USD,bac_0086,per_0086,PERSON,fnd_0007,,Subsequent subscription,OWN_FUNDS,cca_0040,4831573,SETTLED,"{""class"": ""UNEXPECTED_CURRENCY"", ""detail"": ""AED received, USD expected""}"
pay_0242,TX-669761,2026-05-28,1694595,USD,USD,bac_0083,UNKNOWN,UNKNOWN,fnd_0005,,Capital call funding,OWN_FUNDS,cca_0029,1735167,SETTLED,"{""class"": ""UNKNOWN_SOURCE"", ""detail"": ""no matching counterparty""}"
pay_0243,TX-567291,2026-05-27,27140800,USD,USD,bac_0082,per_0082,PERSON,fnd_0007,,Capital call funding,OWN_FUNDS,cca_0040,26841266,SETTLED,
pay_0244,TX-136081,2026-07-27,7340835,USD,USD,bac_0111,per_0111,PERSON,fnd_0005,,Subsequent subscription,OWN_FUNDS,cca_0027,7406299,SETTLED,
pay_0245,TX-179550,2026-05-08,12684368,USD,USD,bac_0030,per_0030,PERSON,fnd_0007,,Capital call funding,OWN_FUNDS,cca_0040,13186618,SETTLED,
pay_0246,TX-410445,2026-06-27,387152,USD,USD,bac_0039,UNKNOWN,UNKNOWN,fnd_0007,,Capital call funding,OWN_FUNDS,cca_0040,378294,SETTLED,"{""class"": ""UNKNOWN_SOURCE"", ""detail"": ""no matching counterparty""}"
pay_0247,TX-400156,2026-06-03,10451066,USD,USD,bac_0040,per_0040,PERSON,fnd_0006,,Capital call funding,OWN_FUNDS,cca_0035,10119058,SETTLED,
pay_0248,TX-405957,2026-04-26,8309300,USD,USD,bac_0004,per_0004,PERSON,fnd_0007,,Subsequent subscription,OWN_FUNDS,cca_0038,8519972,SETTLED,
pay_0249,TX-746784,2026-06-11,1207417,USD,USD,bac_0066,per_0066,PERSON,fnd_0008,,Subsequent subscription,OWN_FUNDS,cca_0044,1224003,SETTLED,
pay_0250,TX-973739,2026-07-11,14691181,USD,USD,bac_0153,cmp_0033,COMPANY,fnd_0007,,Capital call funding,OWN_FUNDS,cca_0036,14255781,SETTLED,
pay_0251,TX-942303,2026-07-08,1082006,SGD,USD,bac_0132,UNKNOWN,UNKNOWN,fnd_0008,,Capital call funding,OWN_FUNDS,cca_0044,1062186,SETTLED,"{""class"": ""UNKNOWN_SOURCE"", ""detail"": ""no matching counterparty""}"
pay_0252,TX-725995,2026-04-17,5843314,USD,USD,bac_0024,per_0024,PERSON,fnd_0008,,Distribution,OWN_FUNDS,cca_0043,5844642,SETTLED,
pay_0253,TX-161158,2026-04-22,6394878,USD,USD,bac_0099,per_0099,PERSON,fnd_0008,,Capital call funding,OWN_FUNDS,cca_0044,6493069,SETTLED,
pay_0254,TX-243227,2026-07-30,114463,USD,USD,bac_0078,per_0078,PERSON,fnd_0008,,Subsequent subscription,OWN_FUNDS,cca_0044,109475,SETTLED,
pay_0255,TX-978166,2026-04-26,1085937,USD,USD,bac_0159,cmp_0039,COMPANY,fnd_0007,,Capital call funding,OWN_FUNDS,cca_0041,1104614,SETTLED,
pay_0256,TX-170734,2026-06-30,12609848,USD,USD,bac_0102,per_0102,PERSON,fnd_0007,,Subsequent subscription,OWN_FUNDS,cca_0039,13108681,SETTLED,
pay_0257,TX-834801,2026-04-12,249407,AED,USD,bac_0094,per_0094,PERSON,fnd_0007,,Capital call funding,OWN_FUNDS,cca_0036,259688,SETTLED,"{""class"": ""UNEXPECTED_CURRENCY"", ""detail"": ""AED received, USD expected""}"
pay_0258,TX-373170,2026-06-21,261168,USD,USD,bac_0172,cmp_0052,COMPANY,fnd_0007,,Subsequent subscription,OWN_FUNDS,cca_0036,259688,SETTLED,
pay_0259,TX-500751,2026-06-22,8391976,USD,USD,bac_0047,per_0047,PERSON,fnd_0005,,Capital call funding,THIRD_PARTY,cca_0028,8522222,SETTLED,
pay_0260,TX-441418,2026-06-19,894614,USD,USD,bac_0073,per_0073,PERSON,fnd_0006,,Subsequent subscription,UNKNOWN,cca_0034,559134,SETTLED,"{""class"": ""OVERPAYMENT"", ""detail"": ""amount exceeds allocated amount""}"
pay_0261,TX-859548,2026-05-20,528274,USD,USD,bac_0112,per_0112,PERSON,fnd_0006,,Capital call funding,OWN_FUNDS,cca_0032,504721,SETTLED,
pay_0262,TX-687332,2026-05-08,105983,USD,USD,bac_0050,per_0050,PERSON,fnd_0008,,Subsequent subscription,THIRD_PARTY,cca_0042,105581,SETTLED,
pay_0263,TX-706065,2026-04-10,15475473,USD,USD,bac_0021,per_0021,PERSON,fnd_0006,,Capital call funding,OWN_FUNDS,cca_0033,15155526,SETTLED,
pay_0264,TX-589898,2026-05-18,2218038,AED,USD,bac_0102,per_0102,PERSON,fnd_0007,,Distribution,OWN_FUNDS,cca_0036,1386274,SETTLED,"{""class"": ""OVERPAYMENT"", ""detail"": ""amount exceeds allocated amount""}"
pay_0265,TX-130591,2026-06-12,367735,USD,USD,bac_0157,cmp_0037,COMPANY,fnd_0007,,Subsequent subscription,OWN_FUNDS,cca_0040,378294,SETTLED,
pay_0266,TX-669787,2026-05-22,290845,USD,USD,bac_0038,per_0038,PERSON,fnd_0008,,Capital call funding,OWN_FUNDS,cca_0044,284915,SETTLED,
pay_0267,TX-799752,2026-07-24,18515120,USD,USD,bac_0043,per_0043,PERSON,fnd_0008,,Distribution,OWN_FUNDS,cca_0044,19321985,SETTLED,
pay_0268,TX-540757,2026-07-29,5470208,AED,USD,bac_0114,per_0114,PERSON,fnd_0005,,Capital call funding,OWN_FUNDS,cca_0030,5314195,SETTLED,"{""class"": ""UNEXPECTED_CURRENCY"", ""detail"": ""AED received, USD expected""}"
pay_0269,TX-989561,2026-04-25,1071309,USD,USD,bac_0140,cmp_0020,COMPANY,fnd_0008,,Capital call funding,OWN_FUNDS,cca_0044,1062186,SETTLED,
pay_0270,TX-185671,2026-06-19,12488166,USD,USD,bac_0039,per_0039,PERSON,fnd_0007,,Subsequent subscription,OWN_FUNDS,cca_0041,12566346,SETTLED,
pay_0271,TX-489029,2026-07-22,1350417,USD,USD,bac_0122,cmp_0002,COMPANY,fnd_0006,,Capital call funding,OWN_FUNDS,cca_0031,1397186,SETTLED,
pay_0272,TX-238586,2026-07-22,416271,USD,USD,bac_0050,per_0050,PERSON,fnd_0005,,Capital call funding,OWN_FUNDS,cca_0029,421439,SETTLED,
pay_0273,TX-674645,2026-06-09,15285449,USD,USD,bac_0086,per_0086,PERSON,fnd_0007,,Distribution,OWN_FUNDS,cca_0039,14950185,SETTLED,
pay_0274,TX-492800,2026-05-24,26299641,USD,USD,bac_0136,cmp_0016,COMPANY,fnd_0007,,Capital call funding,OWN_FUNDS,cca_0037,25598669,SETTLED,
pay_0275,TX-378820,2026-05-17,13631955,USD,USD,bac_0024,per_0024,PERSON,fnd_0007,,Subsequent subscription,OWN_FUNDS,cca_0038,8519972,SETTLED,"{""class"": ""OVERPAYMENT"", ""detail"": ""amount exceeds allocated amount""}"
pay_0276,TX-937873,2026-06-07,4883013,USD,USD,bac_0068,per_0068,PERSON,fnd_0006,,Capital call funding,OWN_FUNDS,cca_0034,4665154,SETTLED,
pay_0277,TX-510071,2026-04-23,2404602,USD,USD,bac_0091,per_0091,PERSON,fnd_0008,,Capital call funding,OWN_FUNDS,cca_0042,2385855,SETTLED,
pay_0278,TX-122990,2026-06-04,16271504,USD,USD,bac_0029,per_0029,PERSON,fnd_0007,,Distribution,OWN_FUNDS,cca_0041,15679588,SETTLED,
pay_0279,TX-910921,2026-04-26,14567068,USD,USD,bac_0054,per_0054,PERSON,fnd_0007,,Distribution,OWN_FUNDS,cca_0037,15064137,SETTLED,
pay_0280,TX-147576,2026-04-10,10163179,SGD,USD,bac_0080,cmp_0016,COMPANY,fnd_0007,,Capital call funding,THIRD_PARTY,cca_0037,10454389,SETTLED,"{""class"": ""THIRD_PARTY"", ""detail"": ""payer differs from LP legal entity""}"
pay_0281,TX-185088,2026-07-16,437182,JPY,USD,bac_0044,per_0044,PERSON,fnd_0007,,Capital call funding,OWN_FUNDS,cca_0037,273239,SETTLED,"{""class"": ""OVERPAYMENT"", ""detail"": ""amount exceeds allocated amount""}"
pay_0282,TX-994473,2026-07-10,453248,USD,USD,bac_0023,per_0023,PERSON,fnd_0006,,Distribution,OWN_FUNDS,cca_0031,475893,SETTLED,
pay_0283,TX-999644,2026-06-10,2840102,AED,USD,bac_0060,per_0060,PERSON,fnd_0007,,Capital call funding,OWN_FUNDS,cca_0039,1775064,SETTLED,"{""class"": ""OVERPAYMENT"", ""detail"": ""amount exceeds allocated amount""}"
pay_0284,TX-151530,2026-07-13,1833789,USD,USD,bac_0117,per_0117,PERSON,fnd_0007,,Distribution,OWN_FUNDS,cca_0039,1775064,SETTLED,
pay_0285,TX-633568,2026-06-10,6457660,USD,USD,bac_0095,per_0095,PERSON,fnd_0005,,Subsequent subscription,OWN_FUNDS,cca_0029,6575654,SETTLED,
pay_0286,TX-658228,2026-05-05,31083153,GBP,USD,bac_0004,UNKNOWN,UNKNOWN,fnd_0006,,Capital call funding,THIRD_PARTY,cca_0032,31892841,SETTLED,"{""class"": ""UNKNOWN_SOURCE"", ""detail"": ""no matching counterparty""}"
pay_0287,TX-164951,2026-06-03,2043729,USD,USD,bac_0043,per_0043,PERSON,fnd_0005,,Capital call funding,OWN_FUNDS,cca_0027,2013117,SETTLED,
pay_0288,TX-960717,2026-06-13,1702433,USD,USD,bac_0091,per_0091,PERSON,fnd_0006,,Distribution,OWN_FUNDS,cca_0032,1676492,SETTLED,
pay_0289,TX-464388,2026-04-09,18490061,USD,USD,bac_0030,per_0030,PERSON,fnd_0008,,Distribution,OWN_FUNDS,cca_0044,19321985,SETTLED,
pay_0290,TX-732123,2026-07-10,5181425,USD,USD,bac_0147,cmp_0027,COMPANY,fnd_0005,,Subsequent subscription,OWN_FUNDS,cca_0029,4944832,SETTLED,
pay_0291,TX-811350,2026-06-28,16870308,USD,USD,bac_0080,per_0080,PERSON,fnd_0005,,Capital call funding,OWN_FUNDS,cca_0028,16538076,SETTLED,
pay_0292,TX-966034,2026-05-23,30198056,AED,USD,bac_0098,per_0098,PERSON,fnd_0007,,Capital call funding,OWN_FUNDS,cca_0040,18873785,SETTLED,"{""class"": ""OVERPAYMENT"", ""detail"": ""amount exceeds allocated amount""}"
pay_0293,TX-787220,2026-05-28,1076030,USD,USD,bac_0129,cmp_0009,COMPANY,fnd_0008,,Subsequent subscription,OWN_FUNDS,cca_0044,1062186,SETTLED,
pay_0294,TX-443083,2026-06-07,25599460,JPY,USD,bac_0160,UNKNOWN,UNKNOWN,fnd_0007,,Capital call funding,OWN_FUNDS,cca_0040,26841266,SETTLED,"{""class"": ""UNKNOWN_SOURCE"", ""detail"": ""no matching counterparty""}"
pay_0295,TX-309013,2026-07-13,12726467,USD,USD,bac_0178,cmp_0058,COMPANY,fnd_0007,,Capital call funding,THIRD_PARTY,cca_0040,13186618,SETTLED,
pay_0296,TX-163167,2026-06-30,422417,USD,USD,bac_0064,per_0064,PERSON,fnd_0008,,Capital call funding,OWN_FUNDS,cca_0043,429864,SETTLED,
pay_0297,TX-319191,2026-07-27,13635555,GBP,USD,bac_0126,cmp_0006,COMPANY,fnd_0005,,Subsequent subscription,THIRD_PARTY,cca_0028,8522222,SETTLED,"{""class"": ""OVERPAYMENT"", ""detail"": ""amount exceeds allocated amount""}"
pay_0298,TX-475424,2026-04-14,6884872,USD,USD,bac_0028,per_0028,PERSON,fnd_0005,,Distribution,OWN_FUNDS,cca_0029,6575654,SETTLED,
pay_0299,TX-373722,2026-07-12,34038629,USD,USD,bac_0135,cmp_0015,COMPANY,fnd_0005,,Subsequent subscription,OWN_FUNDS,cca_0030,33464834,SETTLED,
pay_0300,TX-733803,2026-07-04,36863289,USD,USD,bac_0158,cmp_0038,COMPANY,fnd_0006,,Capital call funding,OWN_FUNDS,cca_0031,23039556,SETTLED,"{""class"": ""OVERPAYMENT"", ""detail"": ""amount exceeds allocated amount""}"
pay_0301,TX-712306,2026-04-29,23414451,USD,USD,bac_0043,per_0043,PERSON,fnd_0007,,Subsequent subscription,OWN_FUNDS,cca_0038,24526030,SETTLED,
pay_0302,TX-733285,2026-05-01,9569762,USD,USD,bac_0134,cmp_0014,COMPANY,fnd_0005,,Distribution,OWN_FUNDS,cca_0027,9626000,SETTLED,
pay_0303,TX-614379,2026-07-13,1105823,USD,USD,bac_0066,per_0066,PERSON,fnd_0006,,Subsequent subscription,OWN_FUNDS,cca_0035,1084137,SETTLED,
pay_0304,TX-157300,2026-07-29,33330018,USD,USD,bac_0057,per_0057,PERSON,fnd_0006,,Subsequent subscription,OWN_FUNDS,cca_0032,31892841,SETTLED,
pay_0305,TX-496365,2026-06-24,13992545,USD,USD,bac_0088,per_0088,PERSON,fnd_0007,,Subsequent subscription,OWN_FUNDS,cca_0036,14158574,SETTLED,
pay_0306,TX-520956,2026-07-29,9996568,USD,USD,bac_0006,per_0006,PERSON,fnd_0005,,Capital call funding,OWN_FUNDS,cca_0027,9626000,SETTLED,
pay_0307,TX-659391,2026-07-27,13632199,USD,USD,bac_0005,per_0005,PERSON,fnd_0006,,Distribution,THIRD_PARTY,cca_0035,14050215,SETTLED,
pay_0308,TX-219032,2026-06-02,1779379,AED,USD,bac_0019,per_0019,PERSON,fnd_0007,,Subsequent subscription,OWN_FUNDS,cca_0039,1775064,SETTLED,"{""class"": ""UNEXPECTED_CURRENCY"", ""detail"": ""AED received, USD expected""}"
pay_0309,TX-486732,2026-05-29,16353005,USD,USD,bac_0052,per_0052,PERSON,fnd_0005,,Subsequent subscription,OWN_FUNDS,cca_0029,17116407,SETTLED,
pay_0310,TX-972605,2026-05-21,9215945,USD,USD,bac_0164,cmp_0044,COMPANY,fnd_0005,,Distribution,OWN_FUNDS,cca_0029,9194463,SETTLED,
pay_0311,TX-641336,2026-06-29,657180,USD,USD,bac_0018,per_0018,PERSON,fnd_0008,,Subsequent subscription,UNKNOWN,cca_0044,670462,SETTLED,
pay_0312,TX-679615,2026-04-26,9940129,USD,USD,bac_0054,per_0054,PERSON,fnd_0006,,Distribution,OWN_FUNDS,cca_0032,9613559,SETTLED,
pay_0313,TX-691719,2026-06-26,2459288,USD,USD,bac_0058,per_0058,PERSON,fnd_0008,,Capital call funding,OWN_FUNDS,cca_0042,2385855,SETTLED,
pay_0314,TX-583914,2026-05-22,16368380,JPY,USD,bac_0114,per_0114,PERSON,fnd_0007,,Capital call funding,OWN_FUNDS,cca_0038,10230238,SETTLED,"{""class"": ""OVERPAYMENT"", ""detail"": ""amount exceeds allocated amount""}"
pay_0315,TX-179315,2026-05-07,8034791,USD,USD,bac_0063,per_0063,PERSON,fnd_0005,,Subsequent subscription,OWN_FUNDS,cca_0030,7962042,SETTLED,
pay_0316,TX-242464,2026-08-01,456429,USD,USD,bac_0094,per_0094,PERSON,fnd_0006,,Capital call funding,OWN_FUNDS,cca_0034,467312,SETTLED,
pay_0317,TX-430241,2026-06-12,11064348,AED,USD,bac_0105,per_0105,PERSON,fnd_0006,,Capital call funding,OWN_FUNDS,cca_0031,11434419,SETTLED,"{""class"": ""UNEXPECTED_CURRENCY"", ""detail"": ""AED received, USD expected""}"
pay_0318,TX-551653,2026-06-02,1100158,USD,USD,bac_0041,per_0041,PERSON,fnd_0006,,Subsequent subscription,OWN_FUNDS,cca_0035,1084137,SETTLED,
pay_0319,TX-568142,2026-05-09,13103428,USD,USD,bac_0047,per_0047,PERSON,fnd_0007,,Capital call funding,OWN_FUNDS,cca_0040,13186618,SETTLED,
pay_0320,TX-429086,2026-04-23,1412292,USD,USD,bac_0067,per_0067,PERSON,fnd_0006,,Capital call funding,OWN_FUNDS,cca_0034,1350123,SETTLED,
pay_0321,TX-772408,2026-06-07,19047657,USD,USD,bac_0164,cmp_0044,COMPANY,fnd_0008,,Capital call funding,OWN_FUNDS,cca_0044,19321985,SETTLED,
pay_0322,TX-666461,2026-07-09,12287379,USD,USD,bac_0101,per_0101,PERSON,fnd_0007,,Capital call funding,OWN_FUNDS,cca_0038,12305627,SETTLED,
pay_0323,TX-582640,2026-06-22,133554,USD,USD,bac_0082,per_0082,PERSON,fnd_0008,,Capital call funding,OWN_FUNDS,cca_0042,138059,SETTLED,
pay_0324,TX-478268,2026-07-31,28031166,USD,USD,bac_0152,cmp_0032,COMPANY,fnd_0008,,Capital call funding,OWN_FUNDS,cca_0042,27513326,SETTLED,
pay_0325,TX-488651,2026-05-06,553128,USD,USD,bac_0141,cmp_0021,COMPANY,fnd_0006,,Capital call funding,OWN_FUNDS,cca_0035,531901,SETTLED,
pay_0326,TX-487364,2026-07-17,12748211,GBP,USD,bac_0109,per_0109,PERSON,fnd_0007,,Subsequent subscription,OWN_FUNDS,cca_0041,7967632,SETTLED,"{""class"": ""OVERPAYMENT"", ""detail"": ""amount exceeds allocated amount""}"
pay_0327,TX-243925,2026-07-01,30939426,USD,USD,bac_0156,cmp_0036,COMPANY,fnd_0006,,Distribution,OWN_FUNDS,cca_0032,31892841,SETTLED,
pay_0328,TX-753801,2026-07-10,26674297,USD,USD,bac_0159,cmp_0039,COMPANY,fnd_0007,,Capital call funding,OWN_FUNDS,cca_0037,25598669,SETTLED,
pay_0329,TX-195065,2026-05-04,408555,USD,USD,bac_0168,cmp_0048,COMPANY,fnd_0006,,Capital call funding,OWN_FUNDS,cca_0034,390132,SETTLED,
pay_0330,TX-113449,2026-04-20,4720432,USD,USD,bac_0165,cmp_0045,COMPANY,fnd_0007,,Capital call funding,OWN_FUNDS,cca_0040,4831573,SETTLED,
pay_0331,TX-159240,2026-06-18,1374380,USD,USD,bac_0067,per_0067,PERSON,fnd_0006,,Distribution,THIRD_PARTY,cca_0031,1397186,SETTLED,
pay_0332,TX-808284,2026-07-26,4794054,USD,USD,bac_0142,cmp_0022,COMPANY,fnd_0008,,Subsequent subscription,OWN_FUNDS,cca_0042,5025715,SETTLED,
pay_0333,TX-972374,2026-06-26,32884574,USD,USD,bac_0061,per_0061,PERSON,fnd_0007,,Capital call funding,OWN_FUNDS,cca_0038,33972718,SETTLED,
pay_0334,TX-621650,2026-04-25,17655650,USD,USD,bac_0073,per_0073,PERSON,fnd_0005,,Capital call funding,THIRD_PARTY,cca_0029,17116407,SETTLED,
pay_0335,TX-225049,2026-05-22,25649046,USD,USD,bac_0080,per_0080,PERSON,fnd_0008,,Capital call funding,THIRD_PARTY,cca_0043,26026653,SETTLED,
pay_0336,TX-825016,2026-04-25,445030,USD,USD,bac_0050,per_0050,PERSON,fnd_0007,,Capital call funding,OWN_FUNDS,cca_0039,453697,SETTLED,
pay_0337,TX-784052,2026-08-05,138937,USD,USD,bac_0107,per_0107,PERSON,fnd_0008,,Subsequent subscription,THIRD_PARTY,cca_0044,133629,SETTLED,
pay_0338,TX-320423,2026-07-29,13529357,USD,USD,bac_0087,per_0087,PERSON,fnd_0007,,Subsequent subscription,OWN_FUNDS,cca_0040,13186618,SETTLED,
pay_0339,TX-496708,2026-07-17,2735327,USD,USD,bac_0010,per_0010,PERSON,fnd_0006,,Distribution,OWN_FUNDS,cca_0032,2668942,SETTLED,
pay_0340,TX-663031,2026-08-05,410449,USD,USD,bac_0131,cmp_0011,COMPANY,fnd_0005,,Subsequent subscription,THIRD_PARTY,cca_0029,421439,SETTLED,
pay_0341,TX-605728,2026-05-19,1669862,USD,USD,bac_0054,per_0054,PERSON,fnd_0007,,Subsequent subscription,OWN_FUNDS,cca_0038,1592591,SETTLED,
pay_0342,TX-586526,2026-04-17,23533000,USD,USD,bac_0146,cmp_0026,COMPANY,fnd_0007,,Capital call funding,OWN_FUNDS,cca_0038,24526030,SETTLED,
pay_0343,TX-932285,2026-05-05,8345342,USD,USD,bac_0172,cmp_0052,COMPANY,fnd_0008,,Distribution,OWN_FUNDS,cca_0043,8456935,SETTLED,
pay_0344,TX-408384,2026-06-09,426503,USD,USD,bac_0163,cmp_0043,COMPANY,fnd_0005,,Capital call funding,THIRD_PARTY,cca_0029,421439,SETTLED,
pay_0345,TX-146738,2026-05-09,84764,AED,USD,bac_0145,cmp_0025,COMPANY,fnd_0007,,Subsequent subscription,THIRD_PARTY,cca_0037,82011,SETTLED,"{""class"": ""UNEXPECTED_CURRENCY"", ""detail"": ""AED received, USD expected""}"
pay_0346,TX-807842,2026-05-14,17983776,AED,USD,bac_0062,per_0062,PERSON,fnd_0007,,Subsequent subscription,OWN_FUNDS,cca_0040,18873785,SETTLED,"{""class"": ""UNEXPECTED_CURRENCY"", ""detail"": ""AED received, USD expected""}"
pay_0347,TX-275376,2026-05-03,411642,USD,USD,bac_0032,per_0032,PERSON,fnd_0006,,Capital call funding,OWN_FUNDS,cca_0033,410315,SETTLED,
pay_0348,TX-797037,2026-06-04,7135003,JPY,USD,bac_0061,per_0061,PERSON,fnd_0008,,Subsequent subscription,UNKNOWN,cca_0043,4459377,SETTLED,"{""class"": ""OVERPAYMENT"", ""detail"": ""amount exceeds allocated amount""}"
pay_0349,TX-888050,2026-04-09,12619478,USD,USD,bac_0007,per_0007,PERSON,fnd_0007,,Distribution,OWN_FUNDS,cca_0038,12305627,SETTLED,
pay_0350,TX-642715,2026-07-26,10926311,USD,USD,bac_0113,per_0113,PERSON,fnd_0007,,Capital call funding,OWN_FUNDS,cca_0039,11059608,SETTLED,
pay_0351,TX-545118,2026-07-24,4781531,USD,USD,bac_0129,cmp_0009,COMPANY,fnd_0006,,Subsequent subscription,OWN_FUNDS,cca_0034,4665154,SETTLED,
pay_0352,TX-322626,2026-07-03,10872032,USD,USD,bac_0104,per_0104,PERSON,fnd_0007,,Subsequent subscription,OWN_FUNDS,cca_0038,11276490,SETTLED,
pay_0353,TX-830835,2026-07-17,15487601,USD,USD,bac_0086,per_0086,PERSON,fnd_0007,,Distribution,OWN_FUNDS,cca_0041,15679588,SETTLED,
pay_0354,TX-727131,2026-04-16,1723825,USD,USD,bac_0021,per_0021,PERSON,fnd_0006,,Capital call funding,OWN_FUNDS,cca_0034,1700793,SETTLED,
pay_0355,TX-979995,2026-06-25,274976,USD,USD,bac_0177,cmp_0057,COMPANY,fnd_0007,,Subsequent subscription,OWN_FUNDS,cca_0037,273239,SETTLED,
pay_0356,TX-322344,2026-05-08,1730426,USD,USD,bac_0026,per_0026,PERSON,fnd_0006,,Distribution,OWN_FUNDS,cca_0034,1700793,SETTLED,
pay_0357,TX-251777,2026-04-20,3312002,USD,USD,bac_0081,per_0081,PERSON,fnd_0007,,Capital call funding,OWN_FUNDS,cca_0040,3316386,SETTLED,
pay_0358,TX-966097,2026-05-17,3183294,USD,USD,bac_0021,per_0021,PERSON,fnd_0007,,Capital call funding,THIRD_PARTY,cca_0040,3316386,SETTLED,
pay_0359,TX-224860,2026-05-09,22248848,USD,USD,bac_0164,cmp_0044,COMPANY,fnd_0005,,Distribution,OWN_FUNDS,cca_0027,23023651,SETTLED,
pay_0360,TX-546898,2026-07-05,958560,USD,USD,bac_0165,cmp_0045,COMPANY,fnd_0008,,Capital call funding,OWN_FUNDS,cca_0042,950863,SETTLED,
pay_0361,TX-663345,2026-07-14,45869,USD,USD,bac_0164,cmp_0044,COMPANY,fnd_0005,,Capital call funding,OWN_FUNDS,cca_0028,46946,SETTLED,
pay_0362,TX-360654,2026-05-08,24626667,AED,USD,bac_0070,per_0070,PERSON,fnd_0007,,Distribution,OWN_FUNDS,cca_0037,25598669,SETTLED,"{""class"": ""UNEXPECTED_CURRENCY"", ""detail"": ""AED received, USD expected""}"
pay_0363,TX-772117,2026-06-26,542427,USD,USD,bac_0120,per_0120,PERSON,fnd_0006,,Distribution,OWN_FUNDS,cca_0035,531901,SETTLED,"{""class"": ""SANCTIONED_PAYER"", ""detail"": ""payer resembles sanctions entry""}"
pay_0364,TX-174137,2026-07-16,10839900,USD,USD,bac_0062,per_0062,PERSON,fnd_0007,,Subsequent subscription,UNKNOWN,cca_0040,11076790,SETTLED,
pay_0365,TX-641196,2026-05-01,25762745,INR,USD,bac_0109,UNKNOWN,UNKNOWN,fnd_0006,,Subsequent subscription,OWN_FUNDS,cca_0035,25034763,SETTLED,"{""class"": ""UNKNOWN_SOURCE"", ""detail"": ""no matching counterparty""}"
pay_0366,TX-374884,2026-06-04,413518,USD,USD,bac_0041,per_0041,PERSON,fnd_0008,,Capital call funding,OWN_FUNDS,cca_0043,429864,SETTLED,
pay_0367,TX-219584,2026-06-20,14833173,USD,USD,bac_0083,per_0083,PERSON,fnd_0007,,Capital call funding,THIRD_PARTY,cca_0036,14158574,SETTLED,
pay_0368,TX-860258,2026-05-13,214588,USD,USD,bac_0070,per_0056,PERSON,fnd_0007,,Capital call funding,OWN_FUNDS,cca_0039,212362,SETTLED,"{""class"": ""THIRD_PARTY"", ""detail"": ""payer differs from LP legal entity""}"
pay_0369,TX-843662,2026-04-19,974155,USD,USD,bac_0164,cmp_0044,COMPANY,fnd_0008,,Distribution,OWN_FUNDS,cca_0042,1000923,SETTLED,
pay_0370,TX-958588,2026-08-06,14230175,USD,USD,bac_0150,cmp_0030,COMPANY,fnd_0007,,Distribution,OWN_FUNDS,cca_0037,14522098,SETTLED,
pay_0371,TX-833462,2026-06-22,25074168,USD,USD,bac_0032,per_0032,PERSON,fnd_0007,,Capital call funding,OWN_FUNDS,cca_0038,24526030,SETTLED,
pay_0372,TX-860273,2026-06-21,13731433,USD,USD,bac_0040,per_0040,PERSON,fnd_0007,,Subsequent subscription,OWN_FUNDS,cca_0039,13108681,SETTLED,
pay_0373,TX-436258,2026-06-23,1008999,USD,USD,bac_0104,per_0104,PERSON,fnd_0008,,Capital call funding,OWN_FUNDS,cca_0042,1000923,SETTLED,
pay_0374,TX-574895,2026-05-08,2103340,USD,USD,bac_0112,per_0112,PERSON,fnd_0006,,Subsequent subscription,OWN_FUNDS,cca_0035,2150628,SETTLED,
pay_0375,TX-867782,2026-05-10,45382,USD,USD,bac_0139,cmp_0019,COMPANY,fnd_0005,,Subsequent subscription,OWN_FUNDS,cca_0028,46946,SETTLED,
pay_0376,TX-361033,2026-05-19,522036,AED,USD,bac_0057,per_0057,PERSON,fnd_0006,,Capital call funding,OWN_FUNDS,cca_0035,520880,SETTLED,"{""class"": ""UNEXPECTED_CURRENCY"", ""detail"": ""AED received, USD expected""}"
pay_0377,TX-852593,2026-05-29,1109707,USD,USD,bac_0072,per_0072,PERSON,fnd_0007,,Distribution,OWN_FUNDS,cca_0041,1104614,SETTLED,
pay_0378,TX-319830,2026-04-30,9448457,USD,USD,bac_0135,cmp_0015,COMPANY,fnd_0005,,Distribution,THIRD_PARTY,cca_0029,9194463,SETTLED,
pay_0379,TX-359149,2026-06-27,15699937,USD,USD,bac_0035,per_0035,PERSON,fnd_0006,,Capital call funding,OWN_FUNDS,cca_0033,15155526,SETTLED,
pay_0380,TX-334487,2026-04-23,1171078,USD,USD,bac_0069,per_0069,PERSON,fnd_0008,,Capital call funding,OWN_FUNDS,cca_0044,1224003,SETTLED,
pay_0381,TX-304297,2026-07-31,378561,USD,USD,bac_0172,cmp_0052,COMPANY,fnd_0006,,Capital call funding,THIRD_PARTY,cca_0033,378754,SETTLED,
pay_0382,TX-726861,2026-06-06,1749226,AED,USD,bac_0141,cmp_0021,COMPANY,fnd_0007,,Capital call funding,OWN_FUNDS,cca_0039,1775064,SETTLED,"{""class"": ""UNEXPECTED_CURRENCY"", ""detail"": ""AED received, USD expected""}"
pay_0383,TX-412786,2026-06-17,618617,USD,USD,bac_0042,per_0042,PERSON,fnd_0007,,Capital call funding,OWN_FUNDS,cca_0040,596576,SETTLED,
pay_0384,TX-423046,2026-08-07,15803394,USD,USD,bac_0037,per_0037,PERSON,fnd_0006,,Capital call funding,OWN_FUNDS,cca_0033,15155526,SETTLED,
pay_0385,TX-117779,2026-05-19,569366,USD,USD,bac_0180,cmp_0060,COMPANY,fnd_0007,,Subsequent subscription,OWN_FUNDS,cca_0039,570145,SETTLED,
pay_0386,TX-310437,2026-05-31,7135003,USD,USD,bac_0165,cmp_0045,COMPANY,fnd_0008,,Capital call funding,OWN_FUNDS,cca_0043,4459377,SETTLED,"{""class"": ""OVERPAYMENT"", ""detail"": ""amount exceeds allocated amount""}"
pay_0387,TX-593912,2026-05-28,254142,USD,USD,bac_0065,per_0065,PERSON,fnd_0007,,Capital call funding,THIRD_PARTY,cca_0036,265171,SETTLED,
pay_0388,TX-153719,2026-07-05,14428708,USD,USD,bac_0005,per_0005,PERSON,fnd_0007,,Subsequent subscription,THIRD_PARTY,cca_0036,14255781,SETTLED,"{""class"": ""SANCTIONED_PAYER"", ""detail"": ""payer resembles sanctions entry""}"
pay_0389,TX-973265,2026-05-20,624211,JPY,USD,bac_0154,cmp_0034,COMPANY,fnd_0006,,Distribution,UNKNOWN,cca_0034,390132,SETTLED,"{""class"": ""OVERPAYMENT"", ""detail"": ""amount exceeds allocated amount""}"
pay_0390,TX-513729,2026-07-04,985039,USD,USD,bac_0091,per_0062,PERSON,fnd_0008,,Subsequent subscription,OWN_FUNDS,cca_0042,950863,SETTLED,"{""class"": ""THIRD_PARTY"", ""detail"": ""payer differs from LP legal entity""}"
pay_0391,TX-940646,2026-05-20,546199,USD,USD,bac_0090,per_0090,PERSON,fnd_0007,,Capital call funding,THIRD_PARTY,cca_0039,570145,SETTLED,
pay_0392,TX-506229,2026-07-10,8816941,USD,USD,bac_0103,per_0103,PERSON,fnd_0005,,Distribution,OWN_FUNDS,cca_0029,9194463,SETTLED,
pay_0393,TX-466297,2026-05-16,1577982,USD,USD,bac_0160,cmp_0040,COMPANY,fnd_0006,,Capital call funding,OWN_FUNDS,cca_0033,986239,SETTLED,"{""class"": ""OVERPAYMENT"", ""detail"": ""amount exceeds allocated amount""}"
pay_0394,TX-383048,2026-06-01,13895533,USD,USD,bac_0116,per_0116,PERSON,fnd_0006,,Distribution,OWN_FUNDS,cca_0031,14531400,SETTLED,
pay_0395,TX-769524,2026-04-15,15796549,USD,USD,bac_0079,per_0079,PERSON,fnd_0005,,Capital call funding,OWN_FUNDS,cca_0028,16538076,SETTLED,
pay_0396,TX-865569,2026-05-13,290441,USD,USD,bac_0097,per_0097,PERSON,fnd_0008,,Capital call funding,OWN_FUNDS,cca_0044,284915,SETTLED,
pay_0397,TX-135581,2026-06-16,559990,USD,USD,bac_0089,UNKNOWN,UNKNOWN,fnd_0006,,Distribution,OWN_FUNDS,cca_0034,587044,SETTLED,"{""class"": ""UNKNOWN_SOURCE"", ""detail"": ""no matching counterparty""}"
pay_0398,TX-334551,2026-08-01,2221127,INR,USD,bac_0025,per_0105,PERSON,fnd_0006,,Distribution,OWN_FUNDS,cca_0031,2174317,SETTLED,"{""class"": ""THIRD_PARTY"", ""detail"": ""payer differs from LP legal entity""}"
pay_0399,TX-600889,2026-06-21,1665911,USD,USD,bac_0066,per_0066,PERSON,fnd_0007,,Capital call funding,OWN_FUNDS,cca_0038,1592591,SETTLED,
pay_0400,TX-140611,2026-05-02,4537933,USD,USD,bac_0159,cmp_0039,COMPANY,fnd_0005,,Capital call funding,OWN_FUNDS,cca_0028,4332928,SETTLED,
pay_0401,TX-439198,2026-07-11,24274420,USD,USD,bac_0131,cmp_0011,COMPANY,fnd_0007,,Capital call funding,OWN_FUNDS,cca_0040,15171513,SETTLED,"{""class"": ""OVERPAYMENT"", ""detail"": ""amount exceeds allocated amount""}"
pay_0402,TX-645812,2026-06-24,32324590,USD,USD,bac_0134,cmp_0014,COMPANY,fnd_0007,,Capital call funding,THIRD_PARTY,cca_0038,33972718,SETTLED,
pay_0403,TX-509938,2026-07-25,21538844,USD,USD,bac_0155,cmp_0035,COMPANY,fnd_0007,,Capital call funding,OWN_FUNDS,cca_0037,22417557,SETTLED,
pay_0404,TX-445857,2026-04-25,3613209,USD,USD,bac_0052,per_0052,PERSON,fnd_0005,,Capital call funding,OWN_FUNDS,cca_0029,2258256,SETTLED,"{""class"": ""OVERPAYMENT"", ""detail"": ""amount exceeds allocated amount""}"
pay_0405,TX-293787,2026-06-01,414523,USD,USD,bac_0022,per_0022,PERSON,fnd_0007,,Capital call funding,OWN_FUNDS,cca_0036,418354,SETTLED,
pay_0406,TX-264757,2026-05-28,9961974,USD,USD,bac_0122,cmp_0002,COMPANY,fnd_0006,,Capital call funding,THIRD_PARTY,cca_0032,9613559,SETTLED,
pay_0407,TX-915949,2026-08-01,16299467,USD,USD,bac_0148,cmp_0028,COMPANY,fnd_0006,,Capital call funding,OWN_FUNDS,cca_0031,16028365,SETTLED,
pay_0408,TX-459091,2026-05-07,15281506,USD,USD,bac_0091,per_0091,PERSON,fnd_0007,,Capital call funding,OWN_FUNDS,cca_0041,15679588,SETTLED,
pay_0409,TX-443759,2026-06-02,972442,AED,USD,bac_0172,cmp_0052,COMPANY,fnd_0008,,Distribution,OWN_FUNDS,cca_0042,1000923,SETTLED,"{""class"": ""UNEXPECTED_CURRENCY"", ""detail"": ""AED received, USD expected""}"
pay_0410,TX-262415,2026-05-27,334933,USD,USD,bac_0025,per_0025,PERSON,fnd_0007,,Subsequent subscription,OWN_FUNDS,cca_0036,338145,SETTLED,
pay_0411,TX-716370,2026-04-23,433424,USD,USD,bac_0144,cmp_0024,COMPANY,fnd_0005,,Distribution,OWN_FUNDS,cca_0029,421439,SETTLED,
pay_0412,TX-903396,2026-06-30,264687,USD,USD,bac_0084,per_0084,PERSON,fnd_0007,,Capital call funding,THIRD_PARTY,cca_0036,259688,SETTLED,
pay_0413,TX-288793,2026-07-11,5931559,USD,USD,bac_0082,per_0082,PERSON,fnd_0008,,Distribution,OWN_FUNDS,cca_0043,5844642,SETTLED,
pay_0414,TX-819421,2026-07-31,26596503,USD,USD,bac_0050,per_0050,PERSON,fnd_0007,,Distribution,OWN_FUNDS,cca_0037,25598669,SETTLED,
pay_0415,TX-390259,2026-05-14,1551150,USD,USD,bac_0118,per_0118,PERSON,fnd_0007,,Capital call funding,OWN_FUNDS,cca_0038,1592591,SETTLED,
pay_0416,TX-617055,2026-05-12,59977,USD,USD,bac_0180,cmp_0060,COMPANY,fnd_0008,,Distribution,OWN_FUNDS,cca_0043,61644,SETTLED,
pay_0417,TX-579170,2026-05-03,5137235,USD,USD,bac_0003,per_0003,PERSON,fnd_0006,,Capital call funding,OWN_FUNDS,cca_0033,5156573,SETTLED,
pay_0418,TX-573741,2026-07-10,2119466,USD,USD,bac_0081,per_0081,PERSON,fnd_0005,,Capital call funding,OWN_FUNDS,cca_0030,2103220,SETTLED,
pay_0419,TX-358841,2026-05-02,2283732,USD,USD,bac_0158,cmp_0038,COMPANY,fnd_0006,,Capital call funding,OWN_FUNDS,cca_0034,2395804,SETTLED,
pay_0420,TX-622060,2026-07-11,127498,USD,USD,bac_0084,per_0084,PERSON,fnd_0006,,Subsequent subscription,UNKNOWN,cca_0033,129627,SETTLED,
pay_0421,TX-250384,2026-04-17,12485658,USD,USD,bac_0004,per_0004,PERSON,fnd_0007,,Capital call funding,OWN_FUNDS,cca_0039,13108681,SETTLED,
pay_0422,TX-849840,2026-07-28,11055998,USD,USD,bac_0031,per_0031,PERSON,fnd_0006,,Capital call funding,OWN_FUNDS,cca_0031,11434419,SETTLED,
pay_0423,TX-555602,2026-05-05,10986795,USD,USD,bac_0059,per_0059,PERSON,fnd_0007,,Capital call funding,OWN_FUNDS,cca_0036,11518465,SETTLED,
pay_0424,TX-440297,2026-08-06,1630999,USD,USD,bac_0109,per_0109,PERSON,fnd_0006,,Capital call funding,OWN_FUNDS,cca_0032,1676492,SETTLED,
pay_0425,TX-363832,2026-07-06,12390946,USD,USD,bac_0133,cmp_0013,COMPANY,fnd_0007,,Distribution,OWN_FUNDS,cca_0037,12401583,SETTLED,
pay_0426,TX-726820,2026-07-05,497762,USD,USD,bac_0001,per_0001,PERSON,fnd_0006,,Capital call funding,OWN_FUNDS,cca_0035,520880,SETTLED,
pay_0427,TX-611755,2026-04-18,369438,USD,USD,bac_0123,cmp_0003,COMPANY,fnd_0006,,Distribution,OWN_FUNDS,cca_0035,357852,SETTLED,
pay_0428,TX-869232,2026-06-29,4802045,USD,USD,bac_0178,cmp_0058,COMPANY,fnd_0007,,Capital call funding,OWN_FUNDS,cca_0040,4831573,SETTLED,
pay_0429,TX-339721,2026-06-10,32311863,USD,USD,bac_0101,per_0101,PERSON,fnd_0007,,Subsequent subscription,OWN_FUNDS,cca_0038,33972718,SETTLED,
pay_0430,TX-705656,2026-04-14,1030491,USD,USD,bac_0171,cmp_0051,COMPANY,fnd_0006,,Capital call funding,OWN_FUNDS,cca_0033,986239,SETTLED,
pay_0431,TX-797046,2026-07-14,498501,USD,USD,bac_0047,per_0047,PERSON,fnd_0006,,Subsequent subscription,OWN_FUNDS,cca_0032,504721,SETTLED,
pay_0432,TX-891325,2026-06-14,455409,USD,USD,bac_0057,per_0057,PERSON,fnd_0007,,Distribution,OWN_FUNDS,cca_0039,453697,SETTLED,
pay_0433,TX-957923,2026-05-09,497818,USD,USD,bac_0011,per_0011,PERSON,fnd_0006,,Capital call funding,OWN_FUNDS,cca_0035,520880,SETTLED,
pay_0434,TX-767275,2026-04-25,14672710,AED,USD,bac_0024,per_0024,PERSON,fnd_0006,,Capital call funding,OWN_FUNDS,cca_0031,14531400,SETTLED,"{""class"": ""UNEXPECTED_CURRENCY"", ""detail"": ""AED received, USD expected""}"
pay_0435,TX-636318,2026-06-24,14818029,USD,USD,bac_0135,cmp_0015,COMPANY,fnd_0007,,Distribution,OWN_FUNDS,cca_0040,15171513,SETTLED,
pay_0436,TX-792674,2026-07-29,15239090,USD,USD,bac_0165,cmp_0045,COMPANY,fnd_0007,,Distribution,OWN_FUNDS,cca_0037,15064137,SETTLED,
pay_0437,TX-635874,2026-06-10,15079145,USD,USD,bac_0056,per_0056,PERSON,fnd_0007,,Capital call funding,OWN_FUNDS,cca_0041,15679588,SETTLED,
pay_0438,TX-451881,2026-06-03,19202774,USD,USD,bac_0087,per_0087,PERSON,fnd_0008,,Capital call funding,THIRD_PARTY,cca_0042,19717963,SETTLED,
pay_0439,TX-616405,2026-07-13,8813466,USD,USD,bac_0101,per_0101,PERSON,fnd_0007,,Subsequent subscription,THIRD_PARTY,cca_0038,8519972,SETTLED,
pay_0440,TX-274373,2026-05-20,499158,USD,USD,bac_0026,per_0026,PERSON,fnd_0007,,Capital call funding,OWN_FUNDS,cca_0037,495794,SETTLED,
pay_0441,TX-984891,2026-07-27,33269555,USD,USD,bac_0070,per_0070,PERSON,fnd_0005,,Capital call funding,OWN_FUNDS,cca_0030,33464834,SETTLED,
pay_0442,TX-724679,2026-07-24,918628,USD,USD,bac_0040,per_0040,PERSON,fnd_0008,,Subsequent subscription,OWN_FUNDS,cca_0042,950863,SETTLED,
pay_0443,TX-154320,2026-07-10,14054063,USD,USD,bac_0060,per_0060,PERSON,fnd_0007,,Capital call funding,UNKNOWN,cca_0036,14255781,SETTLED,
pay_0444,TX-877847,2026-06-04,7594823,USD,USD,bac_0134,cmp_0014,COMPANY,fnd_0005,,Distribution,OWN_FUNDS,cca_0027,7406299,SETTLED,
pay_0445,TX-281250,2026-06-21,1073193,USD,USD,bac_0027,per_0027,PERSON,fnd_0006,,Subsequent subscription,OWN_FUNDS,cca_0035,1084137,SETTLED,
pay_0446,TX-643070,2026-07-09,166439,USD,USD,bac_0118,per_0118,PERSON,fnd_0005,,Distribution,OWN_FUNDS,cca_0027,165659,SETTLED,
pay_0447,TX-906551,2026-04-15,12092368,USD,USD,bac_0070,per_0070,PERSON,fnd_0007,,Capital call funding,OWN_FUNDS,cca_0041,12566346,SETTLED,
pay_0448,TX-573122,2026-07-13,15817347,USD,USD,bac_0158,cmp_0038,COMPANY,fnd_0007,,Capital call funding,OWN_FUNDS,cca_0038,15804058,SETTLED,
pay_0449,TX-126772,2026-05-02,297610,USD,USD,bac_0071,per_0071,PERSON,fnd_0008,,Capital call funding,OWN_FUNDS,cca_0043,296873,SETTLED,
pay_0450,TX-126695,2026-05-16,8427184,USD,USD,bac_0019,per_0019,PERSON,fnd_0008,,Subsequent subscription,OWN_FUNDS,cca_0043,8456935,SETTLED,
pay_0451,TX-484318,2026-05-29,4683123,USD,USD,bac_0022,per_0022,PERSON,fnd_0006,,Capital call funding,OWN_FUNDS,cca_0035,4836395,SETTLED,
pay_0452,TX-803575,2026-06-23,15374370,USD,USD,bac_0100,per_0100,PERSON,fnd_0005,,Capital call funding,OWN_FUNDS,cca_0030,15282220,SETTLED,
pay_0453,TX-368717,2026-04-20,274463,USD,USD,bac_0065,per_0065,PERSON,fnd_0007,,Capital call funding,OWN_FUNDS,cca_0037,273239,SETTLED,
pay_0454,TX-619964,2026-04-19,14985947,USD,USD,bac_0056,per_0056,PERSON,fnd_0007,,Capital call funding,OWN_FUNDS,cca_0037,15064137,SETTLED,
pay_0455,TX-415819,2026-06-16,5057956,USD,USD,bac_0079,per_0079,PERSON,fnd_0006,,Capital call funding,OWN_FUNDS,cca_0035,4836395,SETTLED,
pay_0456,TX-435202,2026-06-03,7999728,USD,USD,bac_0046,per_0046,PERSON,fnd_0005,,Subsequent subscription,UNKNOWN,cca_0030,7962042,SETTLED,
pay_0457,TX-205126,2026-05-04,213616,USD,USD,bac_0111,per_0111,PERSON,fnd_0006,,Capital call funding,OWN_FUNDS,cca_0033,222222,SETTLED,
pay_0458,TX-327663,2026-06-05,452821,USD,USD,bac_0108,per_0108,PERSON,fnd_0007,,Capital call funding,OWN_FUNDS,cca_0039,453697,SETTLED,
pay_0459,TX-357357,2026-06-30,23225079,USD,USD,bac_0035,per_0035,PERSON,fnd_0006,,Capital call funding,OWN_FUNDS,cca_0032,22206997,SETTLED,
pay_0460,TX-221851,2026-04-19,9415115,EUR,USD,bac_0022,per_0089,PERSON,fnd_0006,,Distribution,OWN_FUNDS,cca_0032,9613559,SETTLED,"{""class"": ""THIRD_PARTY"", ""detail"": ""payer differs from LP legal entity""}"
pay_0461,TX-761932,2026-05-24,3477571,USD,USD,bac_0079,per_0079,PERSON,fnd_0007,,Capital call funding,OWN_FUNDS,cca_0036,3466492,SETTLED,
pay_0462,TX-712193,2026-06-17,5154766,USD,USD,bac_0117,per_0117,PERSON,fnd_0006,,Capital call funding,OWN_FUNDS,cca_0033,5156573,SETTLED,
pay_0463,TX-363229,2026-04-24,15301515,USD,USD,bac_0115,per_0115,PERSON,fnd_0007,,Capital call funding,OWN_FUNDS,cca_0039,14950185,SETTLED,
pay_0464,TX-931166,2026-07-12,661961,USD,USD,bac_0163,cmp_0043,COMPANY,fnd_0008,,Subsequent subscription,OWN_FUNDS,cca_0044,670462,SETTLED,
pay_0465,TX-920655,2026-07-03,88586,USD,USD,bac_0104,per_0104,PERSON,fnd_0005,,Distribution,UNKNOWN,cca_0030,88365,SETTLED,
pay_0466,TX-326868,2026-07-09,12085544,USD,USD,bac_0134,cmp_0014,COMPANY,fnd_0007,,Distribution,UNKNOWN,cca_0041,12566346,SETTLED,
pay_0467,TX-174166,2026-06-05,2136359,USD,USD,bac_0107,per_0107,PERSON,fnd_0006,,Capital call funding,OWN_FUNDS,cca_0032,2197058,SETTLED,
pay_0468,TX-944343,2026-04-24,4829868,USD,USD,bac_0160,cmp_0040,COMPANY,fnd_0006,,Distribution,UNKNOWN,cca_0034,4665154,SETTLED,
pay_0469,TX-911981,2026-06-15,13052963,USD,USD,bac_0084,per_0084,PERSON,fnd_0007,,Subsequent subscription,OWN_FUNDS,cca_0040,13186618,SETTLED,
pay_0470,TX-976417,2026-07-05,1116033,USD,USD,bac_0078,per_0078,PERSON,fnd_0006,,Subsequent subscription,OWN_FUNDS,cca_0032,1161137,SETTLED,
pay_0471,TX-363378,2026-06-09,459945,EUR,USD,bac_0025,UNKNOWN,UNKNOWN,fnd_0007,,Capital call funding,OWN_FUNDS,cca_0039,453697,SETTLED,"{""class"": ""UNKNOWN_SOURCE"", ""detail"": ""no matching counterparty""}"
pay_0472,TX-700516,2026-04-26,1368900,USD,USD,bac_0084,per_0084,PERSON,fnd_0007,,Capital call funding,OWN_FUNDS,cca_0036,1386274,SETTLED,
pay_0473,TX-328279,2026-06-01,11596431,USD,USD,bac_0148,cmp_0028,COMPANY,fnd_0006,,Capital call funding,OWN_FUNDS,cca_0031,11434419,SETTLED,
pay_0474,TX-543115,2026-07-22,4809337,USD,USD,bac_0023,per_0023,PERSON,fnd_0008,,Capital call funding,OWN_FUNDS,cca_0044,4688992,SETTLED,
pay_0475,TX-100558,2026-06-03,2626703,USD,USD,bac_0020,per_0020,PERSON,fnd_0006,,Subsequent subscription,OWN_FUNDS,cca_0032,2668942,SETTLED,
pay_0476,TX-708344,2026-08-06,4064281,USD,USD,bac_0018,per_0018,PERSON,fnd_0008,,Capital call funding,OWN_FUNDS,cca_0044,3917741,SETTLED,
pay_0477,TX-145598,2026-05-02,2019203,USD,USD,bac_0018,per_0018,PERSON,fnd_0005,,Capital call funding,THIRD_PARTY,cca_0030,2103220,SETTLED,
pay_0478,TX-468254,2026-06-06,953336,USD,USD,bac_0074,per_0074,PERSON,fnd_0008,,Capital call funding,OWN_FUNDS,cca_0042,950863,SETTLED,
pay_0479,TX-326692,2026-06-19,10742167,USD,USD,bac_0008,per_0008,PERSON,fnd_0007,,Subsequent subscription,OWN_FUNDS,cca_0038,11276490,SETTLED,
pay_0480,TX-605637,2026-07-02,1388810,USD,USD,bac_0171,cmp_0051,COMPANY,fnd_0006,,Capital call funding,OWN_FUNDS,cca_0031,1397186,SETTLED,
pay_0481,TX-310982,2026-05-20,177817,AED,USD,bac_0039,per_0039,PERSON,fnd_0008,,Subsequent subscription,OWN_FUNDS,cca_0043,179275,SETTLED,"{""class"": ""UNEXPECTED_CURRENCY"", ""detail"": ""AED received, USD expected""}"
pay_0482,TX-727428,2026-06-14,374890,USD,USD,bac_0137,cmp_0017,COMPANY,fnd_0006,,Capital call funding,OWN_FUNDS,cca_0034,390132,SETTLED,
pay_0483,TX-305113,2026-05-19,12117272,USD,USD,bac_0016,per_0016,PERSON,fnd_0007,,Subsequent subscription,OWN_FUNDS,cca_0037,12242579,SETTLED,
pay_0484,TX-470209,2026-04-27,531354,USD,USD,bac_0172,cmp_0052,COMPANY,fnd_0006,,Subsequent subscription,OWN_FUNDS,cca_0034,559134,SETTLED,
pay_0485,TX-226015,2026-04-18,8041144,SGD,USD,bac_0081,per_0081,PERSON,fnd_0008,,Distribution,OWN_FUNDS,cca_0042,5025715,SETTLED,"{""class"": ""OVERPAYMENT"", ""detail"": ""amount exceeds allocated amount""}"
pay_0486,TX-731637,2026-07-24,11518081,USD,USD,bac_0055,per_0055,PERSON,fnd_0007,,Capital call funding,OWN_FUNDS,cca_0039,11059608,SETTLED,
pay_0487,TX-877872,2026-05-21,385697,USD,USD,bac_0015,per_0015,PERSON,fnd_0006,,Capital call funding,OWN_FUNDS,cca_0034,390132,SETTLED,"{""class"": ""SANCTIONED_PAYER"", ""detail"": ""payer resembles sanctions entry""}"
pay_0488,TX-493512,2026-05-17,9750967,USD,USD,bac_0102,per_0102,PERSON,fnd_0007,,Distribution,OWN_FUNDS,cca_0038,10230238,SETTLED,
pay_0489,TX-950658,2026-04-09,14709690,USD,USD,bac_0149,cmp_0029,COMPANY,fnd_0007,,Capital call funding,OWN_FUNDS,cca_0037,14522098,SETTLED,
pay_0490,TX-143116,2026-06-17,9369715,USD,USD,bac_0177,cmp_0057,COMPANY,fnd_0006,,Subsequent subscription,OWN_FUNDS,cca_0032,9613559,SETTLED,
pay_0491,TX-199606,2026-07-18,1659554,USD,USD,bac_0026,per_0026,PERSON,fnd_0006,,Capital call funding,OWN_FUNDS,cca_0032,1676492,SETTLED,
pay_0492,TX-331962,2026-05-22,26413549,USD,USD,bac_0041,per_0041,PERSON,fnd_0007,,Distribution,THIRD_PARTY,cca_0040,26841266,SETTLED,
pay_0493,TX-549659,2026-06-18,3870055,USD,USD,bac_0104,per_0104,PERSON,fnd_0008,,Capital call funding,OWN_FUNDS,cca_0044,3917741,SETTLED,
pay_0494,TX-693405,2026-04-27,559345,USD,USD,bac_0176,cmp_0056,COMPANY,fnd_0008,,Capital call funding,THIRD_PARTY,cca_0043,579305,SETTLED,
pay_0495,TX-313782,2026-04-22,9087591,USD,USD,bac_0153,cmp_0033,COMPANY,fnd_0007,,Subsequent subscription,OWN_FUNDS,cca_0040,9048953,SETTLED,
pay_0496,TX-399084,2026-04-23,15878589,SGD,USD,bac_0156,UNKNOWN,UNKNOWN,fnd_0007,,Distribution,THIRD_PARTY,cca_0040,15171513,SETTLED,"{""class"": ""UNKNOWN_SOURCE"", ""detail"": ""no matching counterparty""}"
pay_0497,TX-170552,2026-04-25,27778044,USD,USD,bac_0024,per_0024,PERSON,fnd_0007,,Distribution,OWN_FUNDS,cca_0040,26841266,SETTLED,
pay_0498,TX-315205,2026-06-24,13076220,USD,USD,bac_0150,cmp_0030,COMPANY,fnd_0007,,Subsequent subscription,OWN_FUNDS,cca_0036,13392554,SETTLED,
pay_0499,TX-577166,2026-06-01,572078,USD,USD,bac_0084,per_0084,PERSON,fnd_0007,,Subsequent subscription,OWN_FUNDS,cca_0039,570145,SETTLED,
pay_0500,TX-777887,2026-05-05,6719888,AED,USD,bac_0113,per_0113,PERSON,fnd_0008,,Capital call funding,OWN_FUNDS,cca_0044,6493069,SETTLED,"{""class"": ""UNEXPECTED_CURRENCY"", ""detail"": ""AED received, USD expected""}"
pay_0501,TX-564517,2026-04-17,112403,USD,USD,bac_0096,per_0096,PERSON,fnd_0008,,Subsequent subscription,OWN_FUNDS,cca_0044,109475,SETTLED,
pay_0502,TX-450468,2026-08-07,1454081,USD,USD,bac_0050,per_0050,PERSON,fnd_0007,,Distribution,THIRD_PARTY,cca_0036,1386274,SETTLED,
pay_0503,TX-522189,2026-05-15,8237383,USD,USD,bac_0016,per_0016,PERSON,fnd_0005,,Capital call funding,OWN_FUNDS,cca_0030,7962042,SETTLED,
pay_0504,TX-663785,2026-04-09,2355267,USD,USD,bac_0015,per_0015,PERSON,fnd_0005,,Capital call funding,OWN_FUNDS,cca_0029,2258256,SETTLED,
pay_0505,TX-856620,2026-07-11,30883964,USD,USD,bac_0005,per_0005,PERSON,fnd_0006,,Distribution,OWN_FUNDS,cca_0031,30629722,SETTLED,
pay_0506,TX-188226,2026-06-26,725915,AED,USD,bac_0154,cmp_0034,COMPANY,fnd_0007,,Subsequent subscription,OWN_FUNDS,cca_0039,453697,SETTLED,"{""class"": ""OVERPAYMENT"", ""detail"": ""amount exceeds allocated amount""}"
pay_0507,TX-110535,2026-06-14,25107993,USD,USD,bac_0176,cmp_0056,COMPANY,fnd_0006,,Capital call funding,THIRD_PARTY,cca_0035,25034763,SETTLED,
pay_0508,TX-229268,2026-04-09,389899,USD,USD,bac_0135,cmp_0015,COMPANY,fnd_0006,,Distribution,OWN_FUNDS,cca_0033,410315,SETTLED,
pay_0509,TX-810405,2026-07-18,1714343,USD,USD,bac_0170,cmp_0050,COMPANY,fnd_0006,,Capital call funding,THIRD_PARTY,cca_0034,1736733,SETTLED,
pay_0510,TX-704776,2026-05-01,27652630,USD,USD,bac_0160,cmp_0040,COMPANY,fnd_0007,,Capital call funding,OWN_FUNDS,cca_0040,26841266,SETTLED,
pay_0511,TX-289854,2026-06-04,407607,USD,USD,bac_0146,cmp_0026,COMPANY,fnd_0006,,Capital call funding,OWN_FUNDS,cca_0034,390132,SETTLED,
pay_0512,TX-743853,2026-05-05,547336,USD,USD,bac_0083,per_0083,PERSON,fnd_0006,,Capital call funding,OWN_FUNDS,cca_0035,531901,SETTLED,"{""class"": ""SANCTIONED_PAYER"", ""detail"": ""payer resembles sanctions entry""}"
pay_0513,TX-605185,2026-05-09,15558394,USD,USD,bac_0102,per_0102,PERSON,fnd_0005,,Distribution,THIRD_PARTY,cca_0030,15282220,SETTLED,
pay_0514,TX-646095,2026-06-07,273138,USD,USD,bac_0082,per_0082,PERSON,fnd_0007,,Subsequent subscription,OWN_FUNDS,cca_0036,265171,SETTLED,
pay_0515,TX-939854,2026-05-16,424805,USD,USD,bac_0118,per_0118,PERSON,fnd_0008,,Capital call funding,OWN_FUNDS,cca_0044,412840,SETTLED,
pay_0516,TX-669711,2026-05-01,2307432,USD,USD,bac_0017,per_0017,PERSON,fnd_0006,,Distribution,OWN_FUNDS,cca_0034,2395804,SETTLED,
pay_0517,TX-782302,2026-08-06,9812557,USD,USD,bac_0064,per_0064,PERSON,fnd_0005,,Distribution,OWN_FUNDS,cca_0027,9626000,SETTLED,
pay_0518,TX-133601,2026-05-24,579481,USD,USD,bac_0171,cmp_0051,COMPANY,fnd_0007,,Distribution,OWN_FUNDS,cca_0040,596576,SETTLED,
pay_0519,TX-383320,2026-04-14,15128860,USD,USD,bac_0091,per_0091,PERSON,fnd_0007,,Capital call funding,UNKNOWN,cca_0041,15679588,SETTLED,
pay_0520,TX-827429,2026-06-04,24131366,USD,USD,bac_0050,per_0050,PERSON,fnd_0005,,Capital call funding,OWN_FUNDS,cca_0027,23023651,SETTLED,
pay_0521,TX-726908,2026-05-03,1763398,USD,USD,bac_0006,per_0006,PERSON,fnd_0005,,Capital call funding,OWN_FUNDS,cca_0029,1735167,SETTLED,
pay_0522,TX-235823,2026-06-21,609359,USD,USD,bac_0130,cmp_0010,COMPANY,fnd_0006,,Capital call funding,OWN_FUNDS,cca_0034,587044,SETTLED,
pay_0523,TX-459690,2026-05-13,565334,USD,USD,bac_0174,cmp_0054,COMPANY,fnd_0008,,Distribution,OWN_FUNDS,cca_0043,579305,SETTLED,
pay_0524,TX-591621,2026-05-10,556702,USD,USD,bac_0029,per_0029,PERSON,fnd_0007,,Capital call funding,OWN_FUNDS,cca_0039,570145,SETTLED,
pay_0525,TX-231775,2026-05-17,458137,USD,USD,bac_0116,per_0116,PERSON,fnd_0006,,Capital call funding,OWN_FUNDS,cca_0031,475893,SETTLED,
pay_0526,TX-660741,2026-06-23,5109347,USD,USD,bac_0142,cmp_0022,COMPANY,fnd_0005,,Distribution,OWN_FUNDS,cca_0030,5314195,SETTLED,
pay_0527,TX-927647,2026-07-29,227030,USD,USD,bac_0089,per_0089,PERSON,fnd_0006,,Capital call funding,OWN_FUNDS,cca_0033,222222,SETTLED,
pay_0528,TX-697232,2026-05-10,15612490,USD,USD,bac_0046,per_0046,PERSON,fnd_0007,,Distribution,THIRD_PARTY,cca_0041,15679588,SETTLED,
pay_0529,TX-229334,2026-04-14,10951185,JPY,USD,bac_0058,UNKNOWN,UNKNOWN,fnd_0007,,Capital call funding,OWN_FUNDS,cca_0037,10454389,SETTLED,"{""class"": ""UNKNOWN_SOURCE"", ""detail"": ""no matching counterparty""}"
pay_0530,TX-437574,2026-04-30,12364987,USD,USD,bac_0080,per_0080,PERSON,fnd_0007,,Subsequent subscription,OWN_FUNDS,cca_0036,11833830,SETTLED,
pay_0531,TX-704280,2026-06-11,520404,USD,USD,bac_0106,per_0106,PERSON,fnd_0006,,Capital call funding,OWN_FUNDS,cca_0032,504721,SETTLED,
pay_0532,TX-791571,2026-05-04,15685745,USD,USD,bac_0096,per_0096,PERSON,fnd_0006,,Capital call funding,OWN_FUNDS,cca_0033,15155526,SETTLED,
pay_0533,TX-524402,2026-05-30,9223615,USD,USD,bac_0084,per_0084,PERSON,fnd_0005,,Subsequent subscription,THIRD_PARTY,cca_0029,9194463,SETTLED,
pay_0534,TX-354933,2026-06-20,607633,USD,USD,bac_0086,per_0086,PERSON,fnd_0008,,Distribution,OWN_FUNDS,cca_0044,582512,SETTLED,
pay_0535,TX-274507,2026-06-22,5599563,USD,USD,bac_0052,per_0052,PERSON,fnd_0008,,Capital call funding,OWN_FUNDS,cca_0043,5844642,SETTLED,
pay_0536,TX-760499,2026-08-05,599222,USD,USD,bac_0035,per_0035,PERSON,fnd_0006,,Subsequent subscription,THIRD_PARTY,cca_0034,580369,SETTLED,
pay_0537,TX-887442,2026-07-09,35254933,USD,USD,bac_0031,per_0031,PERSON,fnd_0007,,Capital call funding,OWN_FUNDS,cca_0038,33972718,SETTLED,
pay_0538,TX-114165,2026-07-12,6543019,USD,USD,bac_0010,per_0010,PERSON,fnd_0007,,Distribution,OWN_FUNDS,cca_0039,6809948,SETTLED,
pay_0539,TX-951579,2026-07-02,10539134,USD,USD,bac_0004,per_0004,PERSON,fnd_0006,,Capital call funding,OWN_FUNDS,cca_0035,10119058,SETTLED,
pay_0540,TX-297357,2026-04-23,6266593,USD,USD,bac_0138,cmp_0018,COMPANY,fnd_0005,,Subsequent subscription,THIRD_PARTY,cca_0029,6575654,SETTLED,
pay_0541,TX-475938,2026-06-24,13720887,USD,USD,bac_0133,cmp_0013,COMPANY,fnd_0007,,Capital call funding,OWN_FUNDS,cca_0036,14255781,SETTLED,
pay_0542,TX-645481,2026-07-20,10786682,USD,USD,bac_0005,per_0005,PERSON,fnd_0007,,Subsequent subscription,THIRD_PARTY,cca_0038,11276490,SETTLED,
pay_0543,TX-101871,2026-07-10,12760302,USD,USD,bac_0013,UNKNOWN,UNKNOWN,fnd_0007,,Capital call funding,OWN_FUNDS,cca_0037,12242579,SETTLED,"{""class"": ""UNKNOWN_SOURCE"", ""detail"": ""no matching counterparty""}"
pay_0544,TX-195109,2026-08-04,5092398,USD,USD,bac_0097,per_0097,PERSON,fnd_0008,,Capital call funding,OWN_FUNDS,cca_0042,5025715,SETTLED,
pay_0545,TX-552647,2026-04-09,15706104,USD,USD,bac_0038,per_0038,PERSON,fnd_0005,,Capital call funding,OWN_FUNDS,cca_0030,15282220,SETTLED,
pay_0546,TX-472013,2026-05-01,16043777,USD,USD,bac_0082,per_0082,PERSON,fnd_0006,,Capital call funding,OWN_FUNDS,cca_0034,16637753,SETTLED,
pay_0547,TX-472175,2026-07-14,91464,USD,USD,bac_0124,cmp_0004,COMPANY,fnd_0005,,Distribution,UNKNOWN,cca_0030,88365,SETTLED,
pay_0548,TX-965549,2026-05-29,1083486,USD,USD,bac_0081,per_0081,PERSON,fnd_0007,,Subsequent subscription,OWN_FUNDS,cca_0041,1104614,SETTLED,
pay_0549,TX-130725,2026-07-01,24898998,USD,USD,bac_0058,per_0058,PERSON,fnd_0007,,Distribution,THIRD_PARTY,cca_0037,25598669,SETTLED,
pay_0550,TX-321496,2026-08-03,16846001,USD,USD,bac_0041,per_0041,PERSON,fnd_0006,,Distribution,OWN_FUNDS,cca_0034,16637753,SETTLED,
pay_0551,TX-766948,2026-07-17,2093797,USD,USD,bac_0107,per_0107,PERSON,fnd_0008,,Distribution,OWN_FUNDS,cca_0042,2087650,SETTLED,
pay_0552,TX-833399,2026-06-20,8735272,USD,USD,bac_0115,per_0115,PERSON,fnd_0005,,Capital call funding,OWN_FUNDS,cca_0029,9194463,SETTLED,
pay_0553,TX-455464,2026-05-31,12754654,USD,USD,bac_0093,UNKNOWN,UNKNOWN,fnd_0007,,Capital call funding,OWN_FUNDS,cca_0039,13108681,SETTLED,"{""class"": ""UNKNOWN_SOURCE"", ""detail"": ""no matching counterparty""}"
pay_0554,TX-913319,2026-06-05,3817368,USD,USD,bac_0013,per_0013,PERSON,fnd_0008,,Capital call funding,OWN_FUNDS,cca_0042,2385855,SETTLED,"{""class"": ""OVERPAYMENT"", ""detail"": ""amount exceeds allocated amount""}"
pay_0555,TX-706736,2026-07-31,6515909,USD,USD,bac_0006,per_0006,PERSON,fnd_0005,,Capital call funding,OWN_FUNDS,cca_0029,6575654,SETTLED,
pay_0556,TX-290831,2026-05-04,11725188,USD,USD,bac_0011,per_0011,PERSON,fnd_0007,,Capital call funding,UNKNOWN,cca_0038,11276490,SETTLED,
pay_0557,TX-323085,2026-06-21,611409,USD,USD,bac_0021,per_0021,PERSON,fnd_0007,,Capital call funding,OWN_FUNDS,cca_0040,596576,SETTLED,
pay_0558,TX-453199,2026-07-13,4081348,GBP,USD,bac_0130,UNKNOWN,UNKNOWN,fnd_0008,,Capital call funding,OWN_FUNDS,cca_0044,3917741,SETTLED,"{""class"": ""UNKNOWN_SOURCE"", ""detail"": ""no matching counterparty""}"
pay_0559,TX-299013,2026-06-01,589878,USD,USD,bac_0135,cmp_0015,COMPANY,fnd_0008,,Subsequent subscription,OWN_FUNDS,cca_0043,579305,SETTLED,
pay_0560,TX-290452,2026-06-19,413150,USD,USD,bac_0124,cmp_0004,COMPANY,fnd_0006,,Distribution,OWN_FUNDS,cca_0033,410315,SETTLED,
pay_0561,TX-398518,2026-06-11,2104038,USD,USD,bac_0101,per_0101,PERSON,fnd_0006,,Capital call funding,THIRD_PARTY,cca_0032,2197058,SETTLED,
pay_0562,TX-188515,2026-06-08,5699566,USD,USD,bac_0094,per_0094,PERSON,fnd_0008,,Capital call funding,THIRD_PARTY,cca_0043,5844642,SETTLED,
pay_0563,TX-914257,2026-07-23,15508770,USD,USD,bac_0144,cmp_0024,COMPANY,fnd_0007,,Distribution,OWN_FUNDS,cca_0041,15679588,SETTLED,
pay_0564,TX-821613,2026-05-03,2275447,USD,USD,bac_0172,cmp_0052,COMPANY,fnd_0008,,Capital call funding,OWN_FUNDS,cca_0042,2385855,SETTLED,
pay_0565,TX-304416,2026-07-10,3229917,USD,USD,bac_0141,cmp_0021,COMPANY,fnd_0007,,Capital call funding,OWN_FUNDS,cca_0041,3321117,SETTLED,
pay_0566,TX-475485,2026-07-08,295514,USD,USD,bac_0156,cmp_0036,COMPANY,fnd_0006,,Capital call funding,OWN_FUNDS,cca_0032,293487,SETTLED,
pay_0567,TX-276705,2026-07-23,8674844,USD,USD,bac_0090,per_0090,PERSON,fnd_0008,,Distribution,OWN_FUNDS,cca_0043,8456935,SETTLED,
pay_0568,TX-827680,2026-07-11,519948,USD,USD,bac_0042,per_0042,PERSON,fnd_0007,,Capital call funding,OWN_FUNDS,cca_0037,495794,SETTLED,
pay_0569,TX-297707,2026-07-25,8914738,USD,USD,bac_0062,per_0062,PERSON,fnd_0005,,Capital call funding,OWN_FUNDS,cca_0028,8522222,SETTLED,
pay_0570,TX-431147,2026-05-26,16190492,SGD,USD,bac_0096,per_0096,PERSON,fnd_0006,,Subsequent subscription,OWN_FUNDS,cca_0035,10119058,SETTLED,"{""class"": ""OVERPAYMENT"", ""detail"": ""amount exceeds allocated amount""}"
pay_0571,TX-516950,2026-06-27,145966,USD,USD,bac_0115,per_0115,PERSON,fnd_0007,,Distribution,UNKNOWN,cca_0038,140181,SETTLED,
pay_0572,TX-306979,2026-07-03,25897160,USD,USD,bac_0032,cmp_0050,COMPANY,fnd_0007,,Subsequent subscription,OWN_FUNDS,cca_0040,26841266,SETTLED,"{""class"": ""THIRD_PARTY"", ""detail"": ""payer differs from LP legal entity""}"
pay_0573,TX-832635,2026-06-15,963160,USD,USD,bac_0126,cmp_0006,COMPANY,fnd_0008,,Capital call funding,OWN_FUNDS,cca_0042,1000923,SETTLED,
pay_0574,TX-142197,2026-04-10,17280401,USD,USD,bac_0117,per_0117,PERSON,fnd_0005,,Capital call funding,OWN_FUNDS,cca_0028,17979299,SETTLED,
pay_0575,TX-280049,2026-04-17,3326249,USD,USD,bac_0157,cmp_0037,COMPANY,fnd_0007,,Distribution,OWN_FUNDS,cca_0040,3316386,SETTLED,
pay_0576,TX-402117,2026-07-11,178234,USD,USD,bac_0138,cmp_0018,COMPANY,fnd_0008,,Capital call funding,THIRD_PARTY,cca_0043,179275,SETTLED,
pay_0577,TX-401637,2026-04-15,8085835,USD,USD,bac_0044,per_0044,PERSON,fnd_0007,,Capital call funding,OWN_FUNDS,cca_0038,8206515,SETTLED,
pay_0578,TX-227445,2026-06-03,15590629,USD,USD,bac_0161,cmp_0041,COMPANY,fnd_0007,,Subsequent subscription,OWN_FUNDS,cca_0038,15804058,SETTLED,
pay_0579,TX-509067,2026-06-18,747699,EUR,USD,bac_0097,per_0097,PERSON,fnd_0006,,Capital call funding,UNKNOWN,cca_0034,467312,SETTLED,"{""class"": ""OVERPAYMENT"", ""detail"": ""amount exceeds allocated amount""}"
pay_0580,TX-597449,2026-04-23,739672,USD,USD,bac_0115,per_0115,PERSON,fnd_0007,,Distribution,OWN_FUNDS,cca_0040,719672,SETTLED,
pay_0581,TX-285927,2026-04-23,14688988,USD,USD,bac_0108,per_0108,PERSON,fnd_0007,,Subsequent subscription,THIRD_PARTY,cca_0036,14158574,SETTLED,
pay_0582,TX-185418,2026-05-30,9293506,USD,USD,bac_0176,cmp_0056,COMPANY,fnd_0005,,Capital call funding,OWN_FUNDS,cca_0027,9626000,SETTLED,
pay_0583,TX-547455,2026-04-21,4061119,USD,USD,bac_0101,per_0101,PERSON,fnd_0008,,Capital call funding,THIRD_PARTY,cca_0044,3917741,SETTLED,
pay_0584,TX-496933,2026-08-04,265193,USD,USD,bac_0063,per_0063,PERSON,fnd_0007,,Capital call funding,THIRD_PARTY,cca_0036,259688,SETTLED,
pay_0585,TX-506376,2026-06-14,1053893,USD,USD,bac_0029,per_0029,PERSON,fnd_0007,,Capital call funding,OWN_FUNDS,cca_0041,1104614,SETTLED,
pay_0586,TX-717478,2026-05-12,18223573,USD,USD,bac_0109,per_0109,PERSON,fnd_0007,,Capital call funding,OWN_FUNDS,cca_0041,17591117,SETTLED,
pay_0587,TX-658861,2026-06-27,1236306,USD,USD,bac_0037,per_0037,PERSON,fnd_0008,,Distribution,OWN_FUNDS,cca_0044,1224003,SETTLED,
pay_0588,TX-630475,2026-06-16,981804,USD,USD,bac_0004,per_0004,PERSON,fnd_0006,,Capital call funding,OWN_FUNDS,cca_0033,986239,SETTLED,
pay_0589,TX-676483,2026-05-21,2170650,USD,USD,bac_0056,per_0056,PERSON,fnd_0006,,Subsequent subscription,THIRD_PARTY,cca_0035,2150628,SETTLED,
pay_0590,TX-485992,2026-04-27,4823628,USD,USD,bac_0084,per_0084,PERSON,fnd_0007,,Distribution,OWN_FUNDS,cca_0040,4831573,SETTLED,
pay_0591,TX-112379,2026-07-11,78052,USD,USD,bac_0137,cmp_0017,COMPANY,fnd_0007,,Capital call funding,OWN_FUNDS,cca_0037,82011,SETTLED,
pay_0592,TX-602118,2026-06-17,24102619,USD,USD,bac_0049,per_0049,PERSON,fnd_0007,,Capital call funding,THIRD_PARTY,cca_0037,15064137,SETTLED,"{""class"": ""OVERPAYMENT"", ""detail"": ""amount exceeds allocated amount""}"
pay_0593,TX-193600,2026-04-27,8677324,AED,USD,bac_0121,cmp_0001,COMPANY,fnd_0005,,Distribution,OWN_FUNDS,cca_0028,8522222,SETTLED,"{""class"": ""UNEXPECTED_CURRENCY"", ""detail"": ""AED received, USD expected""}"
pay_0594,TX-955111,2026-08-03,408160,USD,USD,bac_0006,per_0006,PERSON,fnd_0008,,Capital call funding,OWN_FUNDS,cca_0044,412840,SETTLED,
pay_0595,TX-537373,2026-05-02,5193133,USD,USD,bac_0039,per_0039,PERSON,fnd_0005,,Capital call funding,OWN_FUNDS,cca_0030,5314195,SETTLED,
pay_0596,TX-708491,2026-07-06,321442,USD,USD,bac_0081,per_0081,PERSON,fnd_0006,,Subsequent subscription,OWN_FUNDS,cca_0031,336489,SETTLED,
pay_0597,TX-407194,2026-08-01,14309873,USD,USD,bac_0116,per_0116,PERSON,fnd_0007,,Capital call funding,UNKNOWN,cca_0037,14522098,SETTLED,
pay_0598,TX-174708,2026-04-27,12485461,USD,USD,bac_0063,per_0063,PERSON,fnd_0007,,Distribution,THIRD_PARTY,cca_0041,12572016,SETTLED,
pay_0599,TX-888247,2026-04-27,11496335,USD,USD,bac_0010,per_0010,PERSON,fnd_0007,,Distribution,OWN_FUNDS,cca_0039,11059608,SETTLED,
pay_0600,TX-228197,2026-07-07,369391,USD,USD,bac_0131,per_0109,PERSON,fnd_0006,,Capital call funding,THIRD_PARTY,cca_0033,378754,SETTLED,"{""class"": ""THIRD_PARTY"", ""detail"": ""payer differs from LP legal entity""}"
pay_0601,TX-175071,2026-04-16,1338481,USD,USD,bac_0120,per_0120,PERSON,fnd_0006,,Capital call funding,OWN_FUNDS,cca_0031,1397186,SETTLED,
pay_0602,TX-500437,2026-07-08,25375264,USD,USD,bac_0159,cmp_0039,COMPANY,fnd_0006,,Distribution,OWN_FUNDS,cca_0035,25034763,SETTLED,
pay_0603,TX-584241,2026-05-21,16335612,USD,USD,bac_0152,cmp_0032,COMPANY,fnd_0005,,Distribution,OWN_FUNDS,cca_0029,17116407,SETTLED,
pay_0604,TX-276047,2026-04-09,41642644,AED,USD,bac_0147,cmp_0027,COMPANY,fnd_0008,,Capital call funding,OWN_FUNDS,cca_0043,26026653,SETTLED,"{""class"": ""OVERPAYMENT"", ""detail"": ""amount exceeds allocated amount""}"
pay_0605,TX-671918,2026-05-11,24248841,USD,USD,bac_0165,cmp_0045,COMPANY,fnd_0006,,Subsequent subscription,OWN_FUNDS,cca_0033,15155526,SETTLED,"{""class"": ""OVERPAYMENT"", ""detail"": ""amount exceeds allocated amount""}"
pay_0606,TX-379379,2026-06-07,252376,USD,USD,bac_0133,cmp_0013,COMPANY,fnd_0007,,Capital call funding,OWN_FUNDS,cca_0036,265171,SETTLED,
pay_0607,TX-670730,2026-07-14,12728801,USD,USD,bac_0093,per_0093,PERSON,fnd_0007,,Subsequent subscription,OWN_FUNDS,cca_0038,12305627,SETTLED,
pay_0608,TX-729395,2026-06-08,1197236,USD,USD,bac_0038,per_0038,PERSON,fnd_0008,,Capital call funding,OWN_FUNDS,cca_0044,1224003,SETTLED,
pay_0609,TX-607772,2026-06-27,64471,INR,USD,bac_0072,UNKNOWN,UNKNOWN,fnd_0008,,Capital call funding,THIRD_PARTY,cca_0043,61644,SETTLED,"{""class"": ""UNKNOWN_SOURCE"", ""detail"": ""no matching counterparty""}"
pay_0610,TX-102010,2026-05-18,1421529,USD,USD,bac_0085,per_0085,PERSON,fnd_0007,,Capital call funding,OWN_FUNDS,cca_0036,1386274,SETTLED,
pay_0611,TX-487464,2026-07-19,283313,USD,USD,bac_0057,per_0057,PERSON,fnd_0008,,Subsequent subscription,OWN_FUNDS,cca_0044,284915,SETTLED,
pay_0612,TX-930039,2026-07-19,1042054,USD,USD,bac_0170,cmp_0050,COMPANY,fnd_0008,,Subsequent subscription,OWN_FUNDS,cca_0042,1000923,SETTLED,
pay_0613,TX-663548,2026-07-30,2265278,USD,USD,bac_0085,per_0085,PERSON,fnd_0005,,Capital call funding,OWN_FUNDS,cca_0029,2258256,SETTLED,
pay_0614,TX-534422,2026-05-21,24973222,USD,USD,bac_0070,per_0070,PERSON,fnd_0006,,Capital call funding,OWN_FUNDS,cca_0035,25034763,SETTLED,
pay_0615,TX-199285,2026-04-29,19842532,EUR,USD,bac_0115,per_0115,PERSON,fnd_0007,,Capital call funding,OWN_FUNDS,cca_0037,12401583,SETTLED,"{""class"": ""OVERPAYMENT"", ""detail"": ""amount exceeds allocated amount""}"
pay_0616,TX-469200,2026-04-29,2179801,USD,USD,bac_0040,per_0040,PERSON,fnd_0005,,Capital call funding,THIRD_PARTY,cca_0029,2258256,SETTLED,
pay_0617,TX-172537,2026-06-19,59627,USD,USD,bac_0087,UNKNOWN,UNKNOWN,fnd_0008,,Subsequent subscription,OWN_FUNDS,cca_0043,61644,SETTLED,"{""class"": ""UNKNOWN_SOURCE"", ""detail"": ""no matching counterparty""}"
pay_0618,TX-181042,2026-07-23,1797478,USD,USD,bac_0012,per_0012,PERSON,fnd_0007,,Capital call funding,OWN_FUNDS,cca_0039,1775064,SETTLED,
pay_0619,TX-151807,2026-06-13,4744294,USD,USD,bac_0018,per_0018,PERSON,fnd_0008,,Subsequent subscription,OWN_FUNDS,cca_0044,4688992,SETTLED,
pay_0620,TX-113613,2026-06-22,18238962,USD,USD,bac_0085,per_0085,PERSON,fnd_0005,,Capital call funding,THIRD_PARTY,cca_0028,17979299,SETTLED,
pay_0621,TX-760339,2026-06-10,14463800,USD,USD,bac_0108,per_0108,PERSON,fnd_0006,,Capital call funding,OWN_FUNDS,cca_0033,15155526,SETTLED,
pay_0622,TX-258982,2026-06-13,10298643,USD,USD,bac_0066,per_0066,PERSON,fnd_0005,,Distribution,OWN_FUNDS,cca_0029,10160948,SETTLED,
pay_0623,TX-317495,2026-06-12,16019460,USD,USD,bac_0170,cmp_0050,COMPANY,fnd_0005,,Distribution,OWN_FUNDS,cca_0028,16538076,SETTLED,
pay_0624,TX-713485,2026-06-05,16873053,USD,USD,bac_0059,per_0059,PERSON,fnd_0007,,Capital call funding,OWN_FUNDS,cca_0041,17591117,SETTLED,
pay_0625,TX-513585,2026-04-11,5494186,USD,USD,bac_0118,per_0118,PERSON,fnd_0005,,Capital call funding,OWN_FUNDS,cca_0030,5314195,SETTLED,
pay_0626,TX-943196,2026-06-26,16696608,USD,USD,bac_0116,per_0116,PERSON,fnd_0005,,Capital call funding,OWN_FUNDS,cca_0029,17116407,SETTLED,
pay_0627,TX-277610,2026-05-29,1043273,USD,USD,bac_0058,per_0058,PERSON,fnd_0008,,Capital call funding,OWN_FUNDS,cca_0044,1062186,SETTLED,
pay_0628,TX-570700,2026-05-21,528103,USD,USD,bac_0114,per_0114,PERSON,fnd_0008,,Capital call funding,OWN_FUNDS,cca_0043,505285,SETTLED,
pay_0629,TX-405740,2026-06-22,656504,USD,USD,bac_0122,cmp_0002,COMPANY,fnd_0006,,Capital call funding,OWN_FUNDS,cca_0033,410315,SETTLED,"{""class"": ""OVERPAYMENT"", ""detail"": ""amount exceeds allocated amount""}"
pay_0630,TX-556764,2026-07-27,19777160,USD,USD,bac_0173,cmp_0053,COMPANY,fnd_0008,,Capital call funding,OWN_FUNDS,cca_0042,19717963,SETTLED,
pay_0631,TX-555862,2026-05-07,63795,USD,USD,bac_0089,per_0089,PERSON,fnd_0008,,Distribution,OWN_FUNDS,cca_0043,61644,SETTLED,
pay_0632,TX-670189,2026-05-09,11366273,USD,USD,bac_0140,cmp_0020,COMPANY,fnd_0007,,Distribution,THIRD_PARTY,cca_0036,11833830,SETTLED,
pay_0633,TX-967771,2026-07-28,11586232,USD,USD,bac_0001,per_0001,PERSON,fnd_0007,,Subsequent subscription,OWN_FUNDS,cca_0040,11076790,SETTLED,
pay_0634,TX-826942,2026-06-16,10815223,USD,USD,bac_0092,per_0092,PERSON,fnd_0007,,Distribution,THIRD_PARTY,cca_0038,11276490,SETTLED,
pay_0635,TX-593178,2026-07-28,453155,USD,USD,bac_0025,per_0025,PERSON,fnd_0006,,Distribution,OWN_FUNDS,cca_0031,475893,SETTLED,
pay_0636,TX-888876,2026-07-03,266988,USD,USD,bac_0143,cmp_0023,COMPANY,fnd_0007,,Capital call funding,OWN_FUNDS,cca_0036,265171,SETTLED,
pay_0637,TX-912089,2026-06-15,159432,USD,USD,bac_0016,UNKNOWN,UNKNOWN,fnd_0006,,Capital call funding,OWN_FUNDS,cca_0032,156023,SETTLED,"{""class"": ""UNKNOWN_SOURCE"", ""detail"": ""no matching counterparty""}"
pay_0638,TX-502179,2026-04-29,1709521,AED,USD,bac_0006,per_0006,PERSON,fnd_0006,,Capital call funding,OWN_FUNDS,cca_0034,1700793,SETTLED,"{""class"": ""UNEXPECTED_CURRENCY"", ""detail"": ""AED received, USD expected""}"
pay_0639,TX-577324,2026-07-23,505583,USD,USD,bac_0135,cmp_0015,COMPANY,fnd_0006,,Distribution,OWN_FUNDS,cca_0032,504721,SETTLED,
pay_0640,TX-310607,2026-06-08,13821312,USD,USD,bac_0129,cmp_0057,COMPANY,fnd_0006,,Capital call funding,OWN_FUNDS,cca_0031,14531400,SETTLED,"{""class"": ""THIRD_PARTY"", ""detail"": ""payer differs from LP legal entity""}"
pay_0641,TX-895394,2026-07-16,44738,USD,USD,bac_0133,cmp_0013,COMPANY,fnd_0005,,Capital call funding,OWN_FUNDS,cca_0028,46946,SETTLED,
pay_0642,TX-945793,2026-07-24,14984996,USD,USD,bac_0151,cmp_0031,COMPANY,fnd_0005,,Subsequent subscription,OWN_FUNDS,cca_0030,15282220,SETTLED,
pay_0643,TX-403220,2026-04-10,286139,USD,USD,bac_0067,per_0067,PERSON,fnd_0008,,Capital call funding,OWN_FUNDS,cca_0044,284915,SETTLED,
pay_0644,TX-500754,2026-06-17,2195879,USD,USD,bac_0020,per_0020,PERSON,fnd_0006,,Subsequent subscription,OWN_FUNDS,cca_0032,2197058,SETTLED,
pay_0645,TX-521969,2026-06-14,17861246,USD,USD,bac_0180,cmp_0060,COMPANY,fnd_0005,,Capital call funding,OWN_FUNDS,cca_0028,17979299,SETTLED,
pay_0646,TX-158979,2026-05-03,17779258,GBP,USD,bac_0089,per_0052,PERSON,fnd_0005,,Subsequent subscription,OWN_FUNDS,cca_0029,17116407,SETTLED,"{""class"": ""THIRD_PARTY"", ""detail"": ""payer differs from LP legal entity""}"
pay_0647,TX-377939,2026-05-25,89786,USD,USD,bac_0096,per_0096,PERSON,fnd_0005,,Capital call funding,THIRD_PARTY,cca_0030,88365,SETTLED,
pay_0648,TX-354978,2026-07-24,85381,USD,USD,bac_0166,cmp_0046,COMPANY,fnd_0005,,Capital call funding,OWN_FUNDS,cca_0030,88365,SETTLED,
pay_0649,TX-278973,2026-06-29,1817706,USD,USD,bac_0055,per_0055,PERSON,fnd_0005,,Capital call funding,OWN_FUNDS,cca_0029,1735167,SETTLED,
pay_0650,TX-249132,2026-05-16,6390737,USD,USD,bac_0018,per_0018,PERSON,fnd_0008,,Capital call funding,OWN_FUNDS,cca_0044,6493069,SETTLED,
pay_0651,TX-725054,2026-05-05,7125065,USD,USD,bac_0127,cmp_0007,COMPANY,fnd_0005,,Capital call funding,OWN_FUNDS,cca_0027,7406299,SETTLED,
pay_0652,TX-681456,2026-04-20,519516,USD,USD,bac_0077,per_0077,PERSON,fnd_0006,,Capital call funding,UNKNOWN,cca_0035,531901,SETTLED,
pay_0653,TX-861566,2026-05-18,16739592,USD,USD,bac_0027,per_0027,PERSON,fnd_0006,,Capital call funding,OWN_FUNDS,cca_0034,16637753,SETTLED,
pay_0654,TX-363550,2026-04-22,12733783,USD,USD,bac_0132,cmp_0012,COMPANY,fnd_0007,,Distribution,OWN_FUNDS,cca_0038,12305627,SETTLED,
pay_0655,TX-939785,2026-04-13,14028497,USD,USD,bac_0088,per_0088,PERSON,fnd_0007,,Distribution,THIRD_PARTY,cca_0036,14255781,SETTLED,
pay_0656,TX-144398,2026-05-13,161624,USD,USD,bac_0114,per_0114,PERSON,fnd_0006,,Capital call funding,OWN_FUNDS,cca_0032,156023,SETTLED,
pay_0657,TX-421285,2026-05-16,2280993,USD,USD,bac_0139,cmp_0019,COMPANY,fnd_0008,,Subsequent subscription,OWN_FUNDS,cca_0042,2385855,SETTLED,
pay_0658,TX-460419,2026-07-03,10839521,USD,USD,bac_0135,cmp_0015,COMPANY,fnd_0007,,Distribution,OWN_FUNDS,cca_0040,11076790,SETTLED,
pay_0659,TX-517969,2026-05-14,7287976,USD,USD,bac_0053,per_0053,PERSON,fnd_0005,,Subsequent subscription,OWN_FUNDS,cca_0027,7406299,SETTLED,
pay_0660,TX-861893,2026-06-01,4971189,USD,USD,bac_0026,per_0026,PERSON,fnd_0008,,Distribution,OWN_FUNDS,cca_0042,5025715,SETTLED,
pay_0661,TX-295033,2026-04-28,18516133,USD,USD,bac_0024,per_0024,PERSON,fnd_0005,,Capital call funding,OWN_FUNDS,cca_0028,17979299,SETTLED,
pay_0662,TX-262220,2026-05-05,955814,USD,USD,bac_0134,cmp_0014,COMPANY,fnd_0008,,Subsequent subscription,OWN_FUNDS,cca_0042,950863,SETTLED,
pay_0663,TX-701863,2026-07-23,5909441,JPY,USD,bac_0019,per_0019,PERSON,fnd_0008,,Distribution,OWN_FUNDS,cca_0044,3693401,SETTLED,"{""class"": ""OVERPAYMENT"", ""detail"": ""amount exceeds allocated amount""}"
pay_0664,TX-920447,2026-06-23,1153671,USD,USD,bac_0085,per_0085,PERSON,fnd_0007,,Subsequent subscription,OWN_FUNDS,cca_0041,1104614,SETTLED,
pay_0665,TX-426564,2026-07-26,1085197,USD,USD,bac_0047,per_0047,PERSON,fnd_0007,,Distribution,OWN_FUNDS,cca_0041,1104614,SETTLED,
pay_0666,TX-882121,2026-05-29,1170295,USD,USD,bac_0152,cmp_0032,COMPANY,fnd_0006,,Subsequent subscription,OWN_FUNDS,cca_0032,1161137,SETTLED,
pay_0667,TX-150584,2026-05-02,8750776,USD,USD,bac_0116,per_0116,PERSON,fnd_0008,,Capital call funding,THIRD_PARTY,cca_0043,8456935,SETTLED,
pay_0668,TX-824472,2026-04-25,456906,USD,USD,bac_0180,cmp_0060,COMPANY,fnd_0006,,Capital call funding,OWN_FUNDS,cca_0034,467312,SETTLED,
pay_0669,TX-294999,2026-05-15,3418879,USD,USD,bac_0013,per_0013,PERSON,fnd_0006,,Subsequent subscription,OWN_FUNDS,cca_0031,3295040,SETTLED,
pay_0670,TX-591546,2026-07-31,10562767,USD,USD,bac_0020,per_0020,PERSON,fnd_0006,,Subsequent subscription,THIRD_PARTY,cca_0035,10119058,SETTLED,
pay_0671,TX-784322,2026-07-26,187227,USD,USD,bac_0166,cmp_0046,COMPANY,fnd_0008,,Capital call funding,THIRD_PARTY,cca_0043,179275,SETTLED,
pay_0672,TX-130284,2026-06-12,15651397,USD,USD,bac_0072,per_0072,PERSON,fnd_0006,,Subsequent subscription,THIRD_PARTY,cca_0033,15155526,SETTLED,
pay_0673,TX-885835,2026-08-06,62252,USD,USD,bac_0009,per_0009,PERSON,fnd_0008,,Capital call funding,OWN_FUNDS,cca_0043,61644,SETTLED,
pay_0674,TX-493890,2026-05-01,7226121,SGD,USD,bac_0138,UNKNOWN,UNKNOWN,fnd_0005,,Subsequent subscription,OWN_FUNDS,cca_0027,7406299,SETTLED,"{""class"": ""UNKNOWN_SOURCE"", ""detail"": ""no matching counterparty""}"
pay_0675,TX-849052,2026-06-12,4769415,USD,USD,bac_0065,per_0065,PERSON,fnd_0006,,Subsequent subscription,OWN_FUNDS,cca_0034,4665154,SETTLED,
pay_0676,TX-946426,2026-07-22,940863,USD,USD,bac_0085,per_0085,PERSON,fnd_0006,,Capital call funding,OWN_FUNDS,cca_0035,947053,SETTLED,
pay_0677,TX-552394,2026-04-18,2132022,USD,USD,bac_0179,cmp_0059,COMPANY,fnd_0006,,Subsequent subscription,OWN_FUNDS,cca_0035,2150628,SETTLED,
pay_0678,TX-158977,2026-07-27,11387109,USD,USD,bac_0090,per_0090,PERSON,fnd_0007,,Capital call funding,OWN_FUNDS,cca_0039,11059608,SETTLED,
pay_0679,TX-551705,2026-05-14,695888,USD,USD,bac_0160,cmp_0040,COMPANY,fnd_0008,,Capital call funding,OWN_FUNDS,cca_0044,670462,SETTLED,
pay_0680,TX-748334,2026-07-14,27968163,USD,USD,bac_0052,per_0052,PERSON,fnd_0007,,Capital call funding,OWN_FUNDS,cca_0040,26841266,SETTLED,
pay_0681,TX-267164,2026-05-24,12989657,USD,USD,bac_0169,cmp_0049,COMPANY,fnd_0007,,Capital call funding,THIRD_PARTY,cca_0039,13108681,SETTLED,
pay_0682,TX-534917,2026-04-09,7830299,USD,USD,bac_0056,per_0056,PERSON,fnd_0007,,Capital call funding,THIRD_PARTY,cca_0038,7738461,SETTLED,"{""class"": ""SANCTIONED_PAYER"", ""detail"": ""payer resembles sanctions entry""}"
pay_0683,TX-753172,2026-07-05,429099,USD,USD,bac_0040,per_0040,PERSON,fnd_0006,,Capital call funding,THIRD_PARTY,cca_0033,410315,SETTLED,
pay_0684,TX-628959,2026-05-07,108309,USD,USD,bac_0128,cmp_0008,COMPANY,fnd_0008,,Capital call funding,OWN_FUNDS,cca_0042,105581,SETTLED,
pay_0685,TX-709274,2026-05-09,1783573,USD,USD,bac_0143,cmp_0023,COMPANY,fnd_0006,,Capital call funding,THIRD_PARTY,cca_0034,1736733,SETTLED,
pay_0686,TX-900772,2026-05-28,11541821,USD,USD,bac_0179,cmp_0059,COMPANY,fnd_0007,,Capital call funding,OWN_FUNDS,cca_0038,11276490,SETTLED,
pay_0687,TX-949815,2026-05-28,392707,USD,USD,bac_0140,cmp_0020,COMPANY,fnd_0006,,Distribution,OWN_FUNDS,cca_0034,390132,SETTLED,
pay_0688,TX-505264,2026-04-15,596224,USD,USD,bac_0047,per_0047,PERSON,fnd_0007,,Distribution,OWN_FUNDS,cca_0039,618818,SETTLED,
pay_0689,TX-150944,2026-07-24,32371803,GBP,USD,bac_0166,UNKNOWN,UNKNOWN,fnd_0007,,Capital call funding,OWN_FUNDS,cca_0038,33972718,SETTLED,"{""class"": ""UNKNOWN_SOURCE"", ""detail"": ""no matching counterparty""}"
pay_0690,TX-627532,2026-07-26,11426081,USD,USD,bac_0063,per_0063,PERSON,fnd_0007,,Capital call funding,OWN_FUNDS,cca_0040,11076790,SETTLED,
pay_0691,TX-708215,2026-05-13,19553597,USD,USD,bac_0051,per_0051,PERSON,fnd_0008,,Distribution,OWN_FUNDS,cca_0044,19321985,SETTLED,
pay_0692,TX-331189,2026-06-25,17041209,USD,USD,bac_0013,per_0013,PERSON,fnd_0007,,Capital call funding,OWN_FUNDS,cca_0041,17591117,SETTLED,
pay_0693,TX-827009,2026-05-29,8535068,USD,USD,bac_0034,per_0034,PERSON,fnd_0007,,Capital call funding,OWN_FUNDS,cca_0038,8519972,SETTLED,
pay_0694,TX-603950,2026-07-21,3248189,USD,USD,bac_0125,cmp_0005,COMPANY,fnd_0007,,Subsequent subscription,OWN_FUNDS,cca_0041,3321117,SETTLED,
pay_0695,TX-544728,2026-05-10,444687,USD,USD,bac_0045,per_0045,PERSON,fnd_0006,,Capital call funding,OWN_FUNDS,cca_0033,461560,SETTLED,
pay_0696,TX-821770,2026-07-17,2341294,USD,USD,bac_0141,cmp_0021,COMPANY,fnd_0008,,Capital call funding,OWN_FUNDS,cca_0042,2385855,SETTLED,
pay_0697,TX-877726,2026-04-15,17947978,USD,USD,bac_0130,cmp_0010,COMPANY,fnd_0007,,Subsequent subscription,OWN_FUNDS,cca_0040,18873785,SETTLED,
pay_0698,TX-817801,2026-04-16,8754627,USD,USD,bac_0059,per_0059,PERSON,fnd_0007,,Capital call funding,OWN_FUNDS,cca_0040,8945211,SETTLED,
pay_0699,TX-353354,2026-07-15,6686614,USD,USD,bac_0073,per_0073,PERSON,fnd_0007,,Capital call funding,THIRD_PARTY,cca_0039,6809948,SETTLED,
pay_0700,TX-965169,2026-06-19,25384465,USD,USD,bac_0045,per_0111,PERSON,fnd_0008,,Subsequent subscription,OWN_FUNDS,cca_0043,26026653,SETTLED,"{""class"": ""THIRD_PARTY"", ""detail"": ""payer differs from LP legal entity""}"
pay_0701,TX-289127,2026-07-26,22977829,USD,USD,bac_0024,per_0024,PERSON,fnd_0006,,Capital call funding,THIRD_PARTY,cca_0032,22206997,SETTLED,
pay_0702,TX-323719,2026-04-16,15000261,USD,USD,bac_0160,cmp_0040,COMPANY,fnd_0007,,Distribution,OWN_FUNDS,cca_0039,14950185,SETTLED,
pay_0703,TX-933569,2026-07-12,20968339,USD,USD,bac_0083,per_0083,PERSON,fnd_0007,,Capital call funding,THIRD_PARTY,cca_0036,21898411,SETTLED,
pay_0704,TX-203127,2026-05-07,180645,AED,USD,bac_0114,per_0114,PERSON,fnd_0008,,Subsequent subscription,OWN_FUNDS,cca_0043,179275,SETTLED,"{""class"": ""UNEXPECTED_CURRENCY"", ""detail"": ""AED received, USD expected""}"
pay_0705,TX-542319,2026-05-04,9785809,USD,USD,bac_0129,cmp_0009,COMPANY,fnd_0007,,Distribution,THIRD_PARTY,cca_0038,10230238,SETTLED,
pay_0706,TX-997480,2026-06-03,84575,USD,USD,bac_0130,cmp_0010,COMPANY,fnd_0007,,Capital call funding,OWN_FUNDS,cca_0037,82011,SETTLED,
pay_0707,TX-676550,2026-05-03,394279,USD,USD,bac_0078,per_0078,PERSON,fnd_0006,,Capital call funding,OWN_FUNDS,cca_0033,378754,SETTLED,
pay_0708,TX-976867,2026-07-02,5393222,USD,USD,bac_0180,per_0061,PERSON,fnd_0005,,Subsequent subscription,OWN_FUNDS,cca_0030,5314195,SETTLED,"{""class"": ""THIRD_PARTY"", ""detail"": ""payer differs from LP legal entity""}"
pay_0709,TX-820609,2026-04-17,1796143,GBP,USD,bac_0021,UNKNOWN,UNKNOWN,fnd_0005,,Distribution,OWN_FUNDS,cca_0029,1735167,SETTLED,"{""class"": ""UNKNOWN_SOURCE"", ""detail"": ""no matching counterparty""}"
pay_0710,TX-187650,2026-07-08,15125483,USD,USD,bac_0110,per_0110,PERSON,fnd_0007,,Capital call funding,OWN_FUNDS,cca_0041,15679588,SETTLED,
pay_0711,TX-704203,2026-06-12,8111174,USD,USD,bac_0043,per_0043,PERSON,fnd_0007,,Distribution,OWN_FUNDS,cca_0041,7859881,SETTLED,
pay_0712,TX-732475,2026-06-23,833408,JPY,USD,bac_0180,cmp_0060,COMPANY,fnd_0006,,Capital call funding,OWN_FUNDS,cca_0035,520880,SETTLED,"{""class"": ""OVERPAYMENT"", ""detail"": ""amount exceeds allocated amount""}"
pay_0713,TX-987585,2026-06-09,1808345,USD,USD,bac_0153,cmp_0033,COMPANY,fnd_0006,,Capital call funding,OWN_FUNDS,cca_0034,1736733,SETTLED,
pay_0714,TX-954645,2026-05-01,580677,USD,USD,bac_0096,per_0096,PERSON,fnd_0006,,Distribution,OWN_FUNDS,cca_0034,580369,SETTLED,
pay_0715,TX-256202,2026-05-17,424781,USD,USD,bac_0098,per_0098,PERSON,fnd_0008,,Distribution,OWN_FUNDS,cca_0043,429864,SETTLED,
pay_0716,TX-751232,2026-05-14,346179,USD,USD,bac_0148,cmp_0028,COMPANY,fnd_0007,,Subsequent subscription,OWN_FUNDS,cca_0036,338145,SETTLED,
pay_0717,TX-572683,2026-07-15,268992,USD,USD,bac_0155,cmp_0035,COMPANY,fnd_0007,,Distribution,OWN_FUNDS,cca_0036,259688,SETTLED,
pay_0718,TX-111974,2026-06-25,520076,USD,USD,bac_0162,cmp_0042,COMPANY,fnd_0006,,Capital call funding,THIRD_PARTY,cca_0035,520880,SETTLED,
pay_0719,TX-492983,2026-07-12,2955644,USD,USD,bac_0115,per_0115,PERSON,fnd_0006,,Capital call funding,OWN_FUNDS,cca_0033,2959665,SETTLED,
pay_0720,TX-311683,2026-04-18,14039157,USD,USD,bac_0141,cmp_0021,COMPANY,fnd_0007,,Distribution,OWN_FUNDS,cca_0036,14255781,SETTLED,
pay_0721,TX-354599,2026-05-21,407922,USD,USD,bac_0078,per_0078,PERSON,fnd_0007,,Distribution,OWN_FUNDS,cca_0036,418354,SETTLED,
pay_0722,TX-471226,2026-07-17,488244,USD,USD,bac_0109,per_0109,PERSON,fnd_0006,,Subsequent subscription,THIRD_PARTY,cca_0032,504721,SETTLED,
pay_0723,TX-564159,2026-07-05,81931,USD,USD,bac_0061,per_0061,PERSON,fnd_0007,,Distribution,OWN_FUNDS,cca_0037,82011,SETTLED,
pay_0724,TX-523483,2026-05-08,12960933,USD,USD,bac_0102,per_0102,PERSON,fnd_0007,,Capital call funding,OWN_FUNDS,cca_0041,12566346,SETTLED,
pay_0725,TX-463285,2026-06-19,151089,USD,USD,bac_0008,per_0008,PERSON,fnd_0006,,Capital call funding,OWN_FUNDS,cca_0032,156023,SETTLED,
pay_0726,TX-974589,2026-08-05,341498,USD,USD,bac_0081,per_0081,PERSON,fnd_0006,,Subsequent subscription,OWN_FUNDS,cca_0031,336489,SETTLED,
pay_0727,TX-756628,2026-07-04,15000024,AED,USD,bac_0170,cmp_0050,COMPANY,fnd_0007,,Capital call funding,OWN_FUNDS,cca_0037,15064137,SETTLED,"{""class"": ""UNEXPECTED_CURRENCY"", ""detail"": ""AED received, USD expected""}"
pay_0728,TX-834078,2026-07-29,9805890,USD,USD,bac_0108,per_0108,PERSON,fnd_0006,,Capital call funding,THIRD_PARTY,cca_0035,10119058,SETTLED,
pay_0729,TX-356844,2026-06-15,369243,AED,USD,bac_0092,per_0092,PERSON,fnd_0006,,Capital call funding,OWN_FUNDS,cca_0035,357852,SETTLED,"{""class"": ""UNEXPECTED_CURRENCY"", ""detail"": ""AED received, USD expected""}"
pay_0730,TX-255515,2026-04-12,5006259,USD,USD,bac_0124,cmp_0004,COMPANY,fnd_0007,,Capital call funding,OWN_FUNDS,cca_0040,4831573,SETTLED,
pay_0731,TX-529406,2026-04-14,152100,USD,USD,bac_0067,UNKNOWN,UNKNOWN,fnd_0006,,Capital call funding,OWN_FUNDS,cca_0032,156023,SETTLED,"{""class"": ""UNKNOWN_SOURCE"", ""detail"": ""no matching counterparty""}"
pay_0732,TX-510574,2026-05-09,435927,USD,USD,bac_0160,cmp_0040,COMPANY,fnd_0005,,Capital call funding,OWN_FUNDS,cca_0029,421439,SETTLED,
pay_0733,TX-944173,2026-05-30,35531195,USD,USD,bac_0067,per_0067,PERSON,fnd_0006,,Distribution,THIRD_PARTY,cca_0032,22206997,SETTLED,"{""class"": ""OVERPAYMENT"", ""detail"": ""amount exceeds allocated amount""}"
pay_0734,TX-994421,2026-07-05,22741866,USD,USD,bac_0150,cmp_0030,COMPANY,fnd_0006,,Capital call funding,OWN_FUNDS,cca_0031,23039556,SETTLED,
pay_0735,TX-556665,2026-06-15,10092555,AED,USD,bac_0111,per_0111,PERSON,fnd_0005,,Distribution,OWN_FUNDS,cca_0027,9626000,SETTLED,"{""class"": ""UNEXPECTED_CURRENCY"", ""detail"": ""AED received, USD expected""}"
pay_0736,TX-954760,2026-04-16,1767382,USD,USD,bac_0065,per_0065,PERSON,fnd_0007,,Subsequent subscription,OWN_FUNDS,cca_0041,1104614,SETTLED,"{""class"": ""OVERPAYMENT"", ""detail"": ""amount exceeds allocated amount""}"
pay_0737,TX-118248,2026-06-16,606686,USD,USD,bac_0065,per_0065,PERSON,fnd_0008,,Capital call funding,OWN_FUNDS,cca_0044,582512,SETTLED,
pay_0738,TX-556283,2026-07-04,15608273,USD,USD,bac_0165,cmp_0045,COMPANY,fnd_0007,,Capital call funding,UNKNOWN,cca_0038,15804058,SETTLED,
pay_0739,TX-607632,2026-04-15,19273025,USD,USD,bac_0154,cmp_0034,COMPANY,fnd_0008,,Capital call funding,THIRD_PARTY,cca_0044,19321985,SETTLED,
pay_0740,TX-411724,2026-06-21,8555343,USD,USD,bac_0038,per_0038,PERSON,fnd_0007,,Capital call funding,OWN_FUNDS,cca_0038,8206515,SETTLED,
pay_0741,TX-862805,2026-07-13,275597,USD,USD,bac_0096,per_0096,PERSON,fnd_0007,,Subsequent subscription,OWN_FUNDS,cca_0037,273239,SETTLED,
pay_0742,TX-555888,2026-07-31,69549,USD,USD,bac_0019,per_0019,PERSON,fnd_0005,,Capital call funding,OWN_FUNDS,cca_0029,70070,SETTLED,
pay_0743,TX-879493,2026-05-03,648106,USD,USD,bac_0118,per_0118,PERSON,fnd_0008,,Capital call funding,OWN_FUNDS,cca_0044,670462,SETTLED,
pay_0744,TX-205203,2026-05-23,9367254,USD,USD,bac_0011,per_0011,PERSON,fnd_0007,,Subsequent subscription,OWN_FUNDS,cca_0040,8945211,SETTLED,
pay_0745,TX-936868,2026-07-28,11605522,USD,USD,bac_0177,cmp_0057,COMPANY,fnd_0007,,Capital call funding,OWN_FUNDS,cca_0036,11833830,SETTLED,
pay_0746,TX-254682,2026-06-22,1744666,USD,USD,bac_0030,per_0030,PERSON,fnd_0005,,Subsequent subscription,OWN_FUNDS,cca_0029,1735167,SETTLED,
pay_0747,TX-583414,2026-07-24,24666308,USD,USD,bac_0110,per_0110,PERSON,fnd_0007,,Distribution,OWN_FUNDS,cca_0037,25598669,SETTLED,
pay_0748,TX-530285,2026-05-23,8104482,USD,USD,bac_0028,per_0028,PERSON,fnd_0007,,Capital call funding,OWN_FUNDS,cca_0038,7738461,SETTLED,
pay_0749,TX-153733,2026-05-13,3653433,USD,USD,bac_0084,per_0084,PERSON,fnd_0008,,Distribution,OWN_FUNDS,cca_0044,3693401,SETTLED,
pay_0750,TX-754971,2026-07-23,104121,USD,USD,bac_0040,per_0040,PERSON,fnd_0008,,Capital call funding,OWN_FUNDS,cca_0042,105581,SETTLED,
pay_0751,TX-351955,2026-05-25,11809590,USD,USD,bac_0039,per_0039,PERSON,fnd_0007,,Capital call funding,OWN_FUNDS,cca_0037,12401583,SETTLED,
pay_0752,TX-220375,2026-06-24,1010188,USD,USD,bac_0134,cmp_0014,COMPANY,fnd_0006,,Capital call funding,OWN_FUNDS,cca_0033,986239,SETTLED,
pay_0753,TX-320026,2026-05-06,18081936,USD,USD,bac_0071,per_0071,PERSON,fnd_0007,,Distribution,OWN_FUNDS,cca_0041,17591117,SETTLED,
pay_0754,TX-661165,2026-05-05,84412,USD,USD,bac_0026,per_0026,PERSON,fnd_0007,,Capital call funding,OWN_FUNDS,cca_0037,82011,SETTLED,
pay_0755,TX-626448,2026-05-20,568271,USD,USD,bac_0085,per_0085,PERSON,fnd_0006,,Distribution,OWN_FUNDS,cca_0034,587044,SETTLED,"{""class"": ""SANCTIONED_PAYER"", ""detail"": ""payer resembles sanctions entry""}"
pay_0756,TX-696600,2026-04-19,367370,USD,USD,bac_0063,per_0063,PERSON,fnd_0007,,Capital call funding,OWN_FUNDS,cca_0040,386662,SETTLED,
pay_0757,TX-619001,2026-06-01,11178336,USD,USD,bac_0043,per_0043,PERSON,fnd_0007,,Capital call funding,UNKNOWN,cca_0038,11276490,SETTLED,
pay_0758,TX-566802,2026-06-01,2324105,USD,USD,bac_0070,per_0070,PERSON,fnd_0005,,Subsequent subscription,OWN_FUNDS,cca_0029,2258256,SETTLED,
pay_0759,TX-527349,2026-05-21,267909,USD,USD,bac_0017,per_0017,PERSON,fnd_0007,,Subsequent subscription,OWN_FUNDS,cca_0037,273239,SETTLED,
pay_0760,TX-132562,2026-06-12,11986683,USD,USD,bac_0022,per_0022,PERSON,fnd_0007,,Capital call funding,OWN_FUNDS,cca_0037,12242579,SETTLED,
pay_0761,TX-129131,2026-04-22,15673765,USD,USD,bac_0159,cmp_0039,COMPANY,fnd_0006,,Subsequent subscription,THIRD_PARTY,cca_0031,16028365,SETTLED,
pay_0762,TX-923477,2026-07-06,5444128,USD,USD,bac_0067,per_0067,PERSON,fnd_0005,,Capital call funding,OWN_FUNDS,cca_0030,5314195,SETTLED,
pay_0763,TX-634011,2026-04-14,12019815,USD,USD,bac_0023,per_0023,PERSON,fnd_0007,,Distribution,THIRD_PARTY,cca_0037,12401583,SETTLED,
pay_0764,TX-293351,2026-05-11,22957798,USD,USD,bac_0142,cmp_0053,COMPANY,fnd_0005,,Subsequent subscription,OWN_FUNDS,cca_0027,23023651,SETTLED,"{""class"": ""THIRD_PARTY"", ""detail"": ""payer differs from LP legal entity""}"
pay_0765,TX-409842,2026-07-10,81209,USD,USD,bac_0134,cmp_0014,COMPANY,fnd_0007,,Subsequent subscription,THIRD_PARTY,cca_0037,82011,SETTLED,
pay_0766,TX-402854,2026-07-24,462927,USD,USD,bac_0160,cmp_0040,COMPANY,fnd_0007,,Capital call funding,OWN_FUNDS,cca_0039,453697,SETTLED,
pay_0767,TX-473315,2026-06-17,7863902,USD,USD,bac_0121,cmp_0001,COMPANY,fnd_0007,,Subsequent subscription,OWN_FUNDS,cca_0038,8206515,SETTLED,
pay_0768,TX-621779,2026-05-14,85811,USD,USD,bac_0038,per_0038,PERSON,fnd_0007,,Capital call funding,UNKNOWN,cca_0037,82011,SETTLED,
pay_0769,TX-367243,2026-07-06,228178,USD,USD,bac_0159,cmp_0039,COMPANY,fnd_0006,,Distribution,OWN_FUNDS,cca_0033,222222,SETTLED,
pay_0770,TX-662881,2026-04-18,468315,USD,USD,bac_0081,per_0081,PERSON,fnd_0006,,Distribution,THIRD_PARTY,cca_0031,475893,SETTLED,
pay_0771,TX-761993,2026-07-28,296176,USD,USD,bac_0160,cmp_0040,COMPANY,fnd_0006,,Distribution,OWN_FUNDS,cca_0032,293487,SETTLED,
pay_0772,TX-563827,2026-07-22,18808213,USD,USD,bac_0042,per_0042,PERSON,fnd_0005,,Subsequent subscription,OWN_FUNDS,cca_0028,17979299,SETTLED,
pay_0773,TX-538759,2026-04-16,14881258,USD,USD,bac_0035,per_0035,PERSON,fnd_0007,,Subsequent subscription,OWN_FUNDS,cca_0036,14255781,SETTLED,
pay_0774,TX-705180,2026-06-30,71890,USD,USD,bac_0167,cmp_0047,COMPANY,fnd_0005,,Capital call funding,OWN_FUNDS,cca_0029,70070,SETTLED,
pay_0775,TX-301202,2026-07-23,3563322,USD,USD,bac_0064,per_0064,PERSON,fnd_0008,,Distribution,OWN_FUNDS,cca_0044,3693401,SETTLED,
pay_0776,TX-126867,2026-04-27,11168579,USD,USD,bac_0092,per_0092,PERSON,fnd_0007,,Subsequent subscription,OWN_FUNDS,cca_0038,11276490,SETTLED,
pay_0777,TX-174851,2026-05-13,23945609,USD,USD,bac_0130,cmp_0010,COMPANY,fnd_0006,,Capital call funding,THIRD_PARTY,cca_0031,23039556,SETTLED,
pay_0778,TX-446690,2026-07-14,8250090,USD,USD,bac_0056,per_0056,PERSON,fnd_0005,,Capital call funding,OWN_FUNDS,cca_0030,7962042,SETTLED,
pay_0779,TX-540006,2026-07-08,80335,USD,USD,bac_0034,per_0034,PERSON,fnd_0007,,Subsequent subscription,OWN_FUNDS,cca_0037,82011,SETTLED,
pay_0780,TX-581270,2026-06-09,265442,USD,USD,bac_0017,per_0017,PERSON,fnd_0007,,Capital call funding,OWN_FUNDS,cca_0036,259688,SETTLED,
pay_0781,TX-382628,2026-08-06,85218,AED,USD,bac_0021,per_0021,PERSON,fnd_0005,,Distribution,OWN_FUNDS,cca_0030,88365,SETTLED,"{""class"": ""UNEXPECTED_CURRENCY"", ""detail"": ""AED received, USD expected""}"
pay_0782,TX-769893,2026-04-10,12453415,USD,USD,bac_0141,cmp_0021,COMPANY,fnd_0007,,Capital call funding,OWN_FUNDS,cca_0038,12305627,SETTLED,
pay_0783,TX-176971,2026-06-25,3372605,AED,USD,bac_0162,cmp_0042,COMPANY,fnd_0007,,Distribution,OWN_FUNDS,cca_0040,3316386,SETTLED,"{""class"": ""UNEXPECTED_CURRENCY"", ""detail"": ""AED received, USD expected""}"
pay_0784,TX-568360,2026-07-09,2325947,USD,USD,bac_0018,per_0018,PERSON,fnd_0005,,Capital call funding,OWN_FUNDS,cca_0029,2258256,SETTLED,
pay_0785,TX-693160,2026-07-07,3289956,USD,USD,bac_0129,cmp_0009,COMPANY,fnd_0007,,Capital call funding,OWN_FUNDS,cca_0041,3321117,SETTLED,
pay_0786,TX-932518,2026-06-03,33952109,USD,USD,bac_0160,cmp_0040,COMPANY,fnd_0007,,Distribution,OWN_FUNDS,cca_0039,33894435,SETTLED,
pay_0787,TX-182514,2026-07-14,492924,USD,USD,bac_0043,per_0043,PERSON,fnd_0007,,Capital call funding,OWN_FUNDS,cca_0037,495794,SETTLED,
pay_0788,TX-888772,2026-05-27,5154680,USD,USD,bac_0040,per_0040,PERSON,fnd_0006,,Capital call funding,OWN_FUNDS,cca_0033,5156573,SETTLED,
pay_0789,TX-968785,2026-07-01,32737038,USD,USD,bac_0119,per_0119,PERSON,fnd_0007,,Capital call funding,OWN_FUNDS,cca_0039,33894435,SETTLED,
pay_0790,TX-114138,2026-05-01,23399718,USD,USD,bac_0172,cmp_0052,COMPANY,fnd_0006,,Distribution,OWN_FUNDS,cca_0031,23039556,SETTLED,
pay_0791,TX-919622,2026-05-03,16053995,USD,USD,bac_0116,per_0116,PERSON,fnd_0006,,Subsequent subscription,OWN_FUNDS,cca_0031,16028365,SETTLED,
pay_0792,TX-376051,2026-07-15,331381,USD,USD,bac_0025,per_0025,PERSON,fnd_0007,,Capital call funding,OWN_FUNDS,cca_0036,338145,SETTLED,
pay_0793,TX-478886,2026-08-06,592497,EUR,USD,bac_0125,UNKNOWN,UNKNOWN,fnd_0006,,Subsequent subscription,OWN_FUNDS,cca_0034,587044,SETTLED,"{""class"": ""UNKNOWN_SOURCE"", ""detail"": ""no matching counterparty""}"
pay_0794,TX-524360,2026-06-06,10533831,USD,USD,bac_0059,per_0059,PERSON,fnd_0007,,Capital call funding,OWN_FUNDS,cca_0038,10230238,SETTLED,
pay_0795,TX-911254,2026-06-24,34446163,USD,USD,bac_0171,cmp_0051,COMPANY,fnd_0007,,Capital call funding,OWN_FUNDS,cca_0039,33894435,SETTLED,
pay_0796,TX-885324,2026-07-04,59729,USD,USD,bac_0071,per_0071,PERSON,fnd_0008,,Distribution,OWN_FUNDS,cca_0043,61644,SETTLED,
pay_0797,TX-252906,2026-07-15,329343,USD,USD,bac_0084,per_0084,PERSON,fnd_0006,,Distribution,OWN_FUNDS,cca_0033,341032,SETTLED,
pay_0798,TX-518832,2026-07-11,336681,USD,USD,bac_0175,cmp_0055,COMPANY,fnd_0006,,Capital call funding,THIRD_PARTY,cca_0033,341032,SETTLED,
pay_0799,TX-553332,2026-08-03,393783,JPY,USD,bac_0005,per_0040,PERSON,fnd_0007,,Subsequent subscription,OWN_FUNDS,cca_0040,378294,SETTLED,"{""class"": ""THIRD_PARTY"", ""detail"": ""payer differs from LP legal entity""}"
pay_0800,TX-686722,2026-05-28,22783663,USD,USD,bac_0006,per_0006,PERSON,fnd_0007,,Subsequent subscription,UNKNOWN,cca_0037,22417557,SETTLED,
pay_0801,STRUC-1,2026-07-08,400000,USD,USD,bac_0028,per_0028,PERSON,fnd_0001,,Capital call funding,OWN_FUNDS,cca_0001,2000000,SETTLED,"{""class"": ""STRUCTURING"", ""detail"": ""5 sub-threshold payments same day""}"
pay_0802,STRUC-2,2026-07-08,400000,USD,USD,bac_0028,per_0028,PERSON,fnd_0001,,Capital call funding,OWN_FUNDS,cca_0001,2000000,SETTLED,"{""class"": ""STRUCTURING"", ""detail"": ""5 sub-threshold payments same day""}"
pay_0803,STRUC-3,2026-07-08,400000,USD,USD,bac_0028,per_0028,PERSON,fnd_0001,,Capital call funding,OWN_FUNDS,cca_0001,2000000,SETTLED,"{""class"": ""STRUCTURING"", ""detail"": ""5 sub-threshold payments same day""}"
pay_0804,STRUC-4,2026-07-08,400000,USD,USD,bac_0028,per_0028,PERSON,fnd_0001,,Capital call funding,OWN_FUNDS,cca_0001,2000000,SETTLED,"{""class"": ""STRUCTURING"", ""detail"": ""5 sub-threshold payments same day""}"
pay_0805,STRUC-5,2026-07-08,400000,USD,USD,bac_0028,per_0028,PERSON,fnd_0001,,Capital call funding,OWN_FUNDS,cca_0001,2000000,SETTLED,"{""class"": ""STRUCTURING"", ""detail"": ""5 sub-threshold payments same day""}"
